/*
 Navicat Premium Dump SQL

 Source Server         : 阿里云
 Source Server Type    : MySQL
 Source Server Version : 80036 (8.0.36)
 Source Host           : rm-bp1zxoofj15140td97o.mysql.rds.aliyuncs.com:3306
 Source Schema         : ideacosmos

 Target Server Type    : MySQL
 Target Server Version : 80036 (8.0.36)
 File Encoding         : 65001

 Date: 30/01/2025 23:48:51
*/

SET NAMES utf8mb4;
SET FOREIGN_KEY_CHECKS = 0;

-- ----------------------------
-- Table structure for chapter_versions
-- ----------------------------
DROP TABLE IF EXISTS `chapter_versions`;
CREATE TABLE `chapter_versions` (
  `id` bigint unsigned NOT NULL AUTO_INCREMENT,
  `created_at` datetime(3) DEFAULT NULL,
  `updated_at` datetime(3) DEFAULT NULL,
  `deleted_at` datetime(3) DEFAULT NULL,
  `user_id` bigint unsigned DEFAULT NULL,
  `chapter_id` bigint unsigned DEFAULT NULL,
  `content` text,
  `optimized_content` varchar(1000) DEFAULT NULL,
  `audio_path` varchar(20) DEFAULT NULL,
  PRIMARY KEY (`id`),
  KEY `idx_chapter_versions_deleted_at` (`deleted_at`),
  KEY `fk_chapter_versions_chapter` (`chapter_id`),
  KEY `fk_chapter_versions_user` (`user_id`),
  CONSTRAINT `fk_chapter_versions_chapter` FOREIGN KEY (`chapter_id`) REFERENCES `chapters` (`id`),
  CONSTRAINT `fk_chapter_versions_user` FOREIGN KEY (`user_id`) REFERENCES `users` (`id`)
) ENGINE=InnoDB AUTO_INCREMENT=8 DEFAULT CHARSET=utf8mb4 COLLATE=utf8mb4_general_ci;

-- ----------------------------
-- Records of chapter_versions
-- ----------------------------
BEGIN;
INSERT INTO `chapter_versions` (`id`, `created_at`, `updated_at`, `deleted_at`, `user_id`, `chapter_id`, `content`, `optimized_content`, `audio_path`) VALUES (1, '2025-01-19 19:34:40.961', '2025-01-19 19:34:40.961', NULL, 1, 32, '# 第1章 AI浪潮的兴起\n\n2025年，全球范围内人工智能和大语言模型的热潮席卷而来。大学生李明偶然发现并开始使用一款名为\'创想无限\'的AI生成内容应用，迅速在校园戏剧社中取得成功。\n\n## 1.1 李明的发现\n\n李明是一名大学生，主修文学，对戏剧有着浓厚的兴趣。他性格开朗，善于交际，但内心深处对未来的不确定性感到焦虑。一天，他在学校的图书馆里偶然发现了一款名为“创想无限”的AI生成内容应用。这款应用能够快速生成剧本、小说等内容作品，李明被其强大的功能所吸引。\n\n李明打开应用，界面简洁明了，操作也非常简单。他输入了几个关键词，比如“校园爱情”、“青春”、“梦想”，然后点击生成按钮。不到一分钟，应用就生成了一篇完整的剧本。李明惊讶于AI的创作速度和内容的丰富性，他决定尝试在校园戏剧社的演出中使用这个剧本。\n\n## 1.2 校园戏剧社的演出\n\n李明带着生成的剧本来到校园戏剧社，找到了社长王丽。王丽是戏剧专业的学生，对艺术创作有着极高的要求。她最初对AI生成的剧本持怀疑态度，但在阅读了剧本后，她不得不承认，剧本的质量非常高，情节紧凑，人物形象鲜明。\n\n“这真的是AI生成的吗？”王丽惊讶地问道。\n\n“是的，我刚刚用‘创想无限’生成的。”李明得意地回答。\n\n王丽思考了一会儿，决定在即将到来的校园戏剧节上使用这个剧本。她相信，这个剧本能够吸引更多的观众，提升戏剧社的知名度。\n\n## 1.3 演出的成功\n\n校园戏剧节的演出如期举行，李明和王丽带领戏剧社的成员们精心排练了AI生成的剧本。演出当天，礼堂座无虚席，观众们被剧本中充满青春气息的故事所吸引，掌声不断。\n\n演出结束后，李明和王丽收到了许多观众的赞扬和祝贺。他们感到非常自豪，同时也对“创想无限”这款应用充满了感激。\n\n## 1.4 张伟的加入\n\n李明的室友兼好友张伟是计算机科学专业的学生，对AI技术充满热情。他听说李明使用了“创想无限”生成的剧本在戏剧社的演出中取得了成功，便主动找到李明，表示愿意帮助他更好地利用这款应用。\n\n“李明，我对AI技术有一些研究，或许我们可以一起探索‘创想无限’的更多功能。”张伟说道。\n\n李明欣然同意，他相信张伟的技术背景能够帮助他们更好地理解和应用AI生成内容。\n\n## 1.5 AI的普及\n\n随着“创想无限”在校园中的普及，越来越多的学生开始使用这款应用生成剧本、小说等内容作品。AI生成的内容不仅在戏剧社中取得了成功，还在其他领域如文学创作、电影制作等方面展现出了巨大的潜力。\n\n李明和张伟经常一起讨论AI技术的优缺点，他们发现，AI生成的内容虽然速度快、内容丰富，但也存在一些问题，比如缺乏深度和个性。\n\n## 1.6 李明的反思\n\n随着AI生成内容的普及，李明开始反思这种便利背后可能隐藏的问题。他意识到，虽然AI能够快速生成高质量的内容，但这些内容缺乏人类的情感和创造力。他开始质疑，过度依赖AI是否会影响人类的创造力和文化传承。\n\n李明决定与张伟、王丽以及文学教授陈老师深入讨论这个问题。他希望通过这些讨论，能够找到一种平衡，既能利用AI的优势，又能保持人类创作的独特性和深度。\n\n## 1.7 陈老师的观点\n\n陈老师是李明的文学课教授，年近五十，经验丰富。他对AI技术持保守态度，认为真正的创造力来自于人类自身。\n\n“李明，AI确实能够生成高质量的内容，但这些内容缺乏人类的情感和创造力。真正的艺术创作需要人类的情感和智慧，这是AI无法替代的。”陈老师语重心长地说道。\n\n李明深受启发，他决定在未来的创作中，既要利用AI的优势，又要保持人类创作的独特性和深度。\n\n## 1.8 张伟的建议\n\n张伟建议李明在创作过程中，将AI生成的内容作为参考，而不是完全依赖AI。他提出，可以通过结合AI生成的内容和人类的创意，创造出更具深度和个性的作品。\n\n“我们可以利用AI生成的内容作为基础，然后在此基础上进行修改和优化，加入我们自己的想法和创意。”张伟说道。\n\n李明觉得这个建议非常有道理，他决定在未来的创作中尝试这种方法。\n\n## 1.9 王丽的支持\n\n王丽作为戏剧社的社长，对艺术创作有着极高的要求。她支持李明的决定，认为在创作过程中，既要利用AI的优势，又要保持人类创作的独特性和深度。\n\n“我们可以在未来的演出中，尝试结合AI生成的内容和人类的创意，创造出更具深度和个性的作品。”王丽说道。\n\n李明和王丽决定在接下来的校园戏剧节中，尝试这种方法，展示AI与人类创造力结合的可能性。\n\n## 1.10 新的开始\n\n通过一系列的讨论和反思，李明和他的朋友们逐渐看透了AI的本质。他们意识到，AI只是一种工具，真正的创造力仍然来自于人类自身。他们决定不再依赖AI生成内容，而是结合AI的优势，创造出更具深度和个性的作品。\n\n李明和他的朋友们在校园戏剧社的演出中，展示了一部由人类与AI共同创作的剧本，赢得了观众的热烈掌声。人们逐渐明白，AI并不会取代人类文明，而是成为人类文明的一部分，推动其向前发展。\n\n## 1.11 总结\n\n2025年，全球范围内人工智能和大语言模型的热潮席卷而来，大学生李明偶然发现并开始使用一款名为\'创想无限\'的AI生成内容应用，迅速在校园戏剧社中取得成功。然而，随着AI生成内容的普及，李明逐渐意识到这种便利背后可能隐藏的问题。通过与好友张伟、戏剧社社长王丽以及文学教授陈老师的深入讨论，李明决定在未来的创作中，既要利用AI的优势，又要保持人类创作的独特性和深度。最终，李明和他的朋友们在校园戏剧社的演出中，展示了一部由人类与AI共同创作的剧本，赢得了观众的热烈掌声，展示了AI与人类创造力结合的可能性。\n\n通过这一系列的探索和反思，李明和他的朋友们逐渐看透了AI的本质，决定不再依赖AI生成内容，而是结合AI的优势，推动文化创作向前发展。他们相信，AI并不会取代人类文明，而是成为人类文明的一部分，推动其向前发展。\n\n## 1.12 未来的展望\n\n李明和他的朋友们在校园戏剧社的演出中取得了巨大的成功，但他们并没有停下脚步。他们决定继续探索AI与人类创造力结合的可能性，创造出更多具有深度和个性的作品。\n\n“我们相信，AI只是一种工具，真正的创造力仍然来自于人类自身。”李明说道。\n\n“是的，我们可以利用AI的优势，但要保持人类创作的独特性和深度。”张伟补充道。\n\n王丽也表示支持：“我们可以在未来的演出中，继续尝试结合AI生成的内容和人类的创意，创造出更多具有深度和个性的作品。”\n\n陈老师对他们的决定表示赞赏：“你们已经找到了一个很好的平衡点，既能利用AI的优势，又能保持人类创作的独特性和深度。我相信，你们未来的作品一定会更加出色。”\n\n李明和他的朋友们对未来充满了信心，他们相信，通过不断的探索和努力，他们一定能够创造出更多具有深度和个性的作品，推动文化创作向前发展。\n\n## 1.13 结束语\n\n2025年，全球范围内人工智能和大语言模型的热潮席卷而来，大学生李明偶然发现并开始使用一款名为\'创想无限\'的AI生成内容应用，迅速在校园戏剧社中取得成功。然而，随着AI生成内容的普及，李明逐渐意识到这种便利背后可能隐藏的问题。通过与好友张伟、戏剧社社长王丽以及文学教授陈老师的深入讨论，李明决定在未来的创作中，既要利用AI的优势，又要保持人类创作的独特性和深度。最终，李明和他的朋友们在校园戏剧社的演出中，展示了一部由人类与AI共同创作的剧本，赢得了观众的热烈掌声，展示了AI与人类创造力结合的可能性。\n\n通过这一系列的探索和反思，李明和他的朋友们逐渐看透了AI的本质，决定不再依赖AI生成内容，而是结合AI的优势，推动文化创作向前发展。他们相信，AI并不会取代人类文明，而是成为人类文明的一部分，推动其向前发展。\n\n李明和他的朋友们在校园戏剧社的演出中取得了巨大的成功，但他们并没有停下脚步。他们决定继续探索AI与人类创造力结合的可能性，创造出更多具有深度和个性的作品。他们相信，通过不断的探索和努力，他们一定能够创造出更多具有深度和个性的作品，推动文化创作向前发展。\n\n2025年，全球范围内人工智能和大语言模型的热潮席卷而来，大学生李明偶然发现并开始使用一款名为\'创想无限\'的AI生成内容应用，迅速在校园戏剧社中取得成功。然而，随着AI生成内容的普及，李明逐渐意识到这种便利背后可能隐藏的问题。通过与好友张伟、戏剧社社长王丽以及文学教授陈老师的深入讨论，李明决定在未来的创作中，既要利用AI的优势，又要保持人类创作的独特性和深度。最终，李明和他的朋友们在校园戏剧社的演出中，展示了一部由人类与AI共同创作的剧本，赢得了观众的热烈掌声，展示了AI与人类创造力结合的可能性。\n\n通过这一系列的探索和反思，李明和他的朋友们逐渐看透了AI的本质，决定不再依赖AI生成内容，而是结合AI的优势，推动文化创作向前发展。他们相信，AI并不会取代人类文明，而是成为人类文明的一部分，推动其向前发展。\n\n李明和他的朋友们在校园戏剧社的演出中取得了巨大的成功，但他们并没有停下脚步。他们决定继续探索AI与人类创造力结合的可能性，创造出更多具有深度和个性的作品。他们相信，通过不断的探索和努力，他们一定能够创造出更多具有深度和个性的作品，推动文化创作向前发展。\n\n2025年，全球范围内人工智能和大语言模型的热潮席卷而来，大学生李明偶然发现并开始使用一款名为\'创想无限\'的AI生成内容应用，迅速在校园戏剧社中取得成功。然而，随着AI生成内容的普及，李明逐渐意识到这种便利背后可能隐藏的问题。通过与好友张伟、戏剧社社长王丽以及文学教授陈老师的深入讨论，李明决定在未来的创作中，既要利用AI的优势，又要保持人类创作的独特性和深度。最终，李明和他的朋友们在校园戏剧社的演出中，展示了一部由人类与AI共同创作的剧本，赢得了观众的热烈掌声，展示了AI与人类创造力结合的可能性。\n\n通过这一系列的探索和反思，李明和他的朋友们逐渐看透了AI的本质，决定不再依赖AI生成内容，而是结合AI的优势，推动文化创作向前发展。他们相信，AI并不会取代人类文明，而是成为人类文明的一部分，推动其向前发展。\n\n李明和他的朋友们在校园戏剧社的演出中取得了巨大的成功，但他们并没有停下脚步。他们决定继续探索AI与人类创造力结合的可能性，创造出更多具有深度和个性的作品。他们相信，通过不断的探索和努力，他们一定能够创造出更多具有深度和个性的作品，推动文化创作向前发展。\n\n2025年，全球范围内人工智能和大语言模型的热潮席卷而来，大学生李明偶然发现并开始使用一款名为\'创想无限\'的AI生成内容应用，迅速在校园戏剧社中取得成功。然而，随着AI生成内容的普及，李明逐渐意识到这种便利背后可能隐藏的问题。通过与好友张伟、戏剧社社长王丽以及文学教授陈老师的深入讨论，李明决定在未来的创作中，既要利用AI的优势，又要保持人类创作的独特性和深度。最终，李明和他的朋友们在校园戏剧社的演出中，展示了一部由人类与AI共同创作的剧本，赢得了观众的热烈掌声，展示了AI与人类创造力结合的可能性。\n\n通过这一系列的探索和反思，李明和他的朋友们逐渐看透了AI的本质，决定不再依赖AI生成内容，而是结合AI的优势，推动文化创作向前发展。他们相信，AI并不会取代人类文明，而是成为人类文明的一部分，推动其向前发展。\n\n李明和他的朋友们在校园戏剧社的演出中取得了巨大的成功，但他们并没有停下脚步。他们决定继续探索AI与人类创造力结合的可能性，创造出更多具有深度和个性的作品。他们相信，通过不断的探索和努力，他们一定能够创造出更多具有深度和个性的作品，推动文化创作向前发展。\n\n2025年，全球范围内人工智能和大语言模型的热潮席卷而来，大学生李明偶然发现并开始使用一款名为\'创想无限\'的AI生成内容应用，迅速在校园戏剧社中取得成功。然而，随着AI生成内容的普及，李明逐渐意识到这种便利背后可能隐藏的问题。通过与好友张伟、戏剧社社长王丽以及文学教授陈老师的深入讨论，李明决定在未来的创作中，既要利用AI的优势，又要保持人类创作的独特性和深度。最终，李明和他的朋友们在校园戏剧社的演出中，展示了一部由人类与AI共同创作的剧本，赢得了观众的热烈掌声，展示了AI与人类创造力结合的可能性。\n\n通过这一系列的探索和反思，李明和他的朋友们逐渐看透了AI的本质，决定不再依赖AI生成内容，而是结合AI的优势，推动文化创作向前发展。他们相信，AI并不会取代人类文明，而是成为人类文明的一部分，推动其向前发展。\n\n李明和他的朋友们在校园戏剧社的演出中取得了巨大的成功，但他们并没有停下脚步。他们决定继续探索AI与人类创造力结合的可能性，创造出更多具有深度和个性的作品。他们相信，通过不断的探索和努力，他们一定能够创造出更多具有深度和个性的作品，推动文化创作向前发展。\n\n2025年，全球范围内人工智能和大语言模型的热潮席卷而来，大学生李明偶然发现并开始使用一款名为\'创想无限\'的AI生成内容应用，迅速在校园戏剧社中取得成功。然而，随着AI生成内容的普及，李明逐渐意识到这种便利背后可能隐藏的问题。通过与好友张伟、戏剧社社长王丽以及文学教授陈老师的深入讨论，李明决定在未来的创作中，既要利用AI的优势，又要保持人类创作的独特性和深度。最终，李明和他的朋友们在校园戏剧社的演出中，展示了一部由人类与AI共同创作的剧本，赢得了观众的热烈掌声，展示了AI与人类创造力结合的可能性。\n\n通过这一系列的探索和反思，李明和他的朋友们逐渐看透了AI的本质，决定不再依赖AI生成内容，而是结合AI的优势，推动文化创作向前发展。他们相信，AI并不会取代人类文明，而是成为人类文明的一部分，推动其向前发展。\n\n李明和他的朋友们在校园戏剧社的演出中取得了巨大的成功，但他们并没有停下脚步。他们决定继续探索AI与人类创造力结合的可能性，创造出更多具有深度和个性的作品。他们相信，通过不断的探索和努力，他们一定能够创造出更多具有深度和个性的作品，推动文化创作向前发展。\n\n2025年，全球范围内人工智能和大语言模型的热潮席卷而来，大学生李明偶然发现并开始使用一款名为\'创想无限\'的AI生成内容应用，迅速在校园戏剧社中取得成功。然而，随着AI生成内容的普及，李明逐渐意识到这种便利背后可能隐藏的问题。通过与好友张伟、戏剧社社长王丽以及文学教授陈老师的深入讨论，李明决定在未来的创作中，既要利用AI的优势，又要保持人类创作的独特性和深度。最终，李明和他的朋友们在校园戏剧社的演出中，展示了一部由人类与AI共同创作的剧本，赢得了观众的热烈掌声，展示了AI与人类创造力结合的可能性。\n\n通过这一系列的探索和反思，李明和他的朋友们逐渐看透了AI的本质，决定不再依赖AI生成内容，而是结合AI的优势，推动文化创作向前发展。他们相信，AI并不会取代人类文明，而是成为人类文明的一部分，推动其向前发展。\n\n李明和他的朋友们在校园戏剧社的演出中取得了巨大的成功，但他们并没有停下脚步。他们决定继续探索AI与人类创造力结合的可能性，创造出更多具有深度和个性的作品。他们相信，通过不断的探索和努力，他们一定能够创造出更多具有深度和个性的作品，推动文化创作向前发展。\n\n2025年，全球范围内人工智能和大语言模型的热潮席卷而来，大学生李明偶然发现并开始使用一款名为\'创想无限\'的AI生成内容应用，迅速在校园戏剧社中取得成功。然而，随着AI生成内容的普及，李明逐渐意识到这种便利背后可能隐藏的问题。通过与好友张伟、戏剧社社长王丽以及文学教授陈老师的深入讨论，李明决定在未来的创作中，既要利用AI的优势，又要保持人类创作的独特性和深度。最终，李明和他的朋友们在校园戏剧社的演出中，展示了一部由人类与AI共同创作的剧本，赢得了观众的热烈掌声，展示了AI与人类创造力结合的可能性。\n\n通过这一系列的探索和反思，李明和他的朋友们逐渐看透了AI的本质，决定不再依赖AI生成内容，而是结合AI的优势，推动文化创作向前发展。他们相信，AI并不会取代人类文明，而是成为人类文明的一部分，推动其向前发展。\n\n李明和他的朋友们在校园戏剧社的演出中取得了巨大的成功，但他们并没有停下脚步。他们决定继续探索AI与人类创造力结合的可能性，创造出更多具有深度和个性的作品。他们相信，通过不断的探索和努力，他们一定能够创造出更多具有深度和个性的作品，推动文化创作向前发展。\n\n2025年，全球范围内人工智能和大语言模型的热潮席卷而来，大学生李明偶然发现并开始使用一款名为\'创想无限\'的AI生成内容应用，迅速在校园戏剧社中取得成功。然而，随着AI生成内容的普及，李明逐渐意识到这种便利背后可能隐藏的问题。通过与好友张伟、戏剧社社长王丽以及文学教授陈老师的深入讨论，李明决定在未来的创作中，既要利用AI的优势，又要保持人类创作的独特性和深度。最终，李明和他的朋友们在校园戏剧社的演出中，展示了一部由人类与AI共同创作的剧本，赢得了观众的热烈掌声，展示了AI与人类创造力结合的可能性。\n\n通过这一系列的探索和反思，李明和他的朋友们逐渐看透了AI的本质，决定不再依赖AI生成内容，而是结合AI的优势，推动文化创作向前发展。他们相信，AI并不会取代人类文明，而是成为人类文明的一部分，推动其向前发展。\n\n李明和他的朋友们在校园戏剧社的演出中取得了巨大的成功，但他们并没有停下脚步。他们决定继续探索AI与人类创造力结合的可能性，创造出更多具有深度和个性的作品。他们相信，通过不断的探索和努力，他们一定能够创造出更多具有深度和个性的作品，推动文化创作向前发展。\n\n2025年，全球范围内人工智能和大语言模型的热潮席卷而来，大学生李明偶然发现并开始使用一款名为\'创想无限\'的AI生成内容应用，迅速在校园戏剧社中取得成功。然而，随着AI生成内容的普及，李明逐渐意识到这种便利背后可能隐藏的问题。通过与好友张伟、戏剧社社长王丽以及文学教授陈老师的深入讨论，李明决定在未来的创作中，既要利用AI的优势，又要保持人类创作的独特性和深度。最终，李明和他的朋友们在校园戏剧社的演出中，展示了一部由人类与AI共同创作的剧本，赢得了观众的热烈掌声，展示了AI与人类创造力结合的可能性。\n\n通过这一系列的探索和反思，李明和他的朋友们逐渐看透了AI的本质，决定不再依赖AI生成内容，而是结合AI的优势，推动文化创作向前发展。他们相信，AI并不会取代人类文明，而是成为人类文明的一部分，推动其向前发展。\n\n李明和他的朋友们在校园戏剧社的演出中取得了巨大的成功，但他们并没有停下脚步。他们决定继续探索AI与人类创造力结合的可能性，创造出更多具有深度和个性的作品。他们相信，通过不断的探索和努力，他们一定能够创造出更多具有深度和个性的作品，推动文化创作向前发展。\n\n2025年，全球范围内人工智能和大语言模型的热潮席卷而来，大学生李明偶然发现并开始使用一款名为\'创想无限\'的AI生成内容应用，迅速在校园戏剧社中取得成功。然而，随着AI生成内容的普及，李明逐渐意识到这种便利背后可能隐藏的问题。通过与好友张伟、戏剧社社长王丽以及文学教授陈老师的深入讨论，李明决定在未来的创作中，既要利用AI的优势，又要保持人类创作的独特性和深度。最终，李明和他的朋友们在校园戏剧社的演出中，展示了一部由人类与AI共同创作的剧本，赢得了观众的热烈掌声，展示了AI与人类创造力结合的可能性。\n\n通过这一系列的探索和反思，李明和他的朋友们逐渐看透了AI的本质，决定不再依赖AI生成内容，而是结合AI的优势，推动文化创作向前发展。他们相信，AI并不会取代人类文明，而是成为人类文明的一部分，推动其向前发展。\n\n李明和他的朋友们在校园戏剧社的演出中取得了巨大的成功，但他们并没有停下脚步。他们决定继续探索AI与人类创造力结合的可能性，创造出更多具有深度和个性的作品。他们相信，通过不断的探索和努力，他们一定能够创造出更多具有深度和个性的作品，推动文化创作向前发展。\n\n2025年，全球范围内人工智能和大语言模型的热潮席卷而来，大学生李明偶然发现并开始使用一款名为\'创想无限\'的AI生成内容应用，迅速在校园戏剧社中取得成功。然而，随着AI生成内容的普及，李明逐渐意识到这种便利背后可能隐藏的问题。通过与好友张伟、戏剧社社长王丽以及文学教授陈老师的深入讨论，李明决定在未来的创作中，既要利用AI的优势，又要保持人类创作的独特性和深度。最终，李明和他的朋友们在校园戏剧社的演出中，展示了一部由人类与AI共同创作的剧本，赢得了观众的热烈掌声，展示了AI与人类创造力结合的可能性。\n\n通过这一系列的探索和反思，李明和他的朋友们逐渐看透了AI的本质，决定不再依赖AI生成内容，而是结合AI的优势，推动文化创作向前发展。他们相信，AI并不会取代人类文明，而是成为人类文明的一部分，推动其向前发展。\n\n李明和他的朋友们在校园戏剧社的演出中取得了巨大的成功，但他们并没有停下脚步。他们决定继续探索AI与人类创造力结合的可能性，创造出更多具有深度和个性的作品。他们相信，通过不断的探索和努力，他们一定能够创造出更多具有深度和个性的作品，推动文化创作向前发展。\n\n2025年，全球范围内人工智能和大语言模型的热潮席卷而来，大学生李明偶然发现并开始使用一款名为\'创想无限\'的AI生成内容应用，迅速在校园戏剧社中取得成功。然而，随着AI生成内容的普及，李明逐渐意识到这种便利背后可能隐藏的问题。通过与好友张伟、戏剧社社长王丽以及文学教授陈老师的深入讨论，李明决定在未来的创作中，既要利用AI的优势，又要保持人类创作的独特性和深度。最终，李明和他的朋友们在校园戏剧社的演出中，展示了一部由人类与AI共同创作的剧本，赢得了观众的热烈掌声，展示了AI与人类创造力结合的可能性。\n\n通过这一系列的探索和反思，李明和他的朋友们逐渐看透了AI的本质，决定不再依赖AI生成内容，而是结合AI的优势，推动文化创作向前发展。他们相信，AI并不会取代人类文明，而是成为人类文明的一部分，推动其向前发展。\n\n李明和他的朋友们在校园戏剧社的演出中取得了巨大的成功，但他们并没有停下脚步。他们决定继续探索AI与人类创造力结合的可能性，创造出更多具有深度和个性的作品。他们相信，通过不断的探索和努力，他们一定能够创造出更多具有深度和个性的作品，推动文化创作向前发展。\n\n2025年，全球范围内人工智能和大语言模型的热潮席卷而来，大学生李明偶然发现并开始使用一款名为\'创想无限\'的AI生成内容应用，迅速在校园戏剧社中取得成功。然而，随着AI生成内容的普及，李明逐渐意识到这种便利背后可能隐藏的问题。通过与好友张伟、戏剧社社长王丽以及文学教授陈老师的深入讨论，李明决定在未来的创作中，既要利用AI的优势，又要保持人类创作的独特性和深度。最终，李明和他的朋友们在校园戏剧社的演出中，展示了一部由人类与AI共同创作的剧本，赢得了观众的热烈掌声，展示了AI与人类创造力结合的可能性。\n\n通过这一系列的探索和反思，李明和他的朋友们逐渐看透了AI的本质，决定不再依赖AI生成内容，而是结合AI的优势，推动文化创作向前发展。他们相信，AI并不会取代人类文明，而是成为人类文明的一部分，推动其向前发展。\n\n李明和他的朋友们在校园戏剧社的演出中取得了巨大的成功，但他们并没有停下脚步。他们决定继续探索AI与人类创造力结合的可能性，创造出更多具有深度和个性的作品。他们相信，通过不断的探索和努力，他们一定能够创造出更多具有深度和个性的作品，推动文化创作向前发展。\n\n2025年，全球范围内人工智能和大语言模型的热潮席卷而来，大学生李明偶然发现并开始使用一款名为\'创想无限\'的AI生成内容应用，迅速在校园戏剧社中取得成功。然而，随着AI生成内容的普及，李明逐渐意识到这种便利背后可能隐藏的问题。通过与好友张伟、戏剧社社长王丽以及文学教授陈老师的深入讨论，李明决定在未来的创作中，既要利用AI的优势，又要保持人类创作的独特性和深度。最终，李明和他的朋友们在校园戏剧社的演出中，展示了一部由人类与AI共同创作的剧本，赢得了观众的热烈掌声，展示了AI与人类创造力结合的可能性。\n\n通过这一系列的探索和反思，李明和他的朋友们逐渐看透了AI的本质，决定不再依赖AI生成内容，而是结合AI的优势，推动文化创作向前发展。他们相信，AI并不会取代人类文明，而是成为人类文明的一部分，推动其向前发展。\n\n李明和他的朋友们在校园戏剧社的演出中取得了巨大的成功，但他们并没有停下脚步。他们决定继续探索AI与人类创造力结合的可能性，创造出更多具有深度和个性的作品。他们相信，通过不断的探索和努力，他们一定能够创造出更多具有深度和个性的作品，推动文化创作向前发展。\n\n2025年，全球范围内人工智能和大语言模型的热潮席卷而来，大学生李明偶然发现并开始使用一款名为\'创想无限\'的AI生成内容应用，迅速在校园戏剧社中取得成功。然而，随着AI生成内容的普及，李明逐渐意识到这种便利背后可能隐藏的问题。通过与好友张伟、戏剧社社长王丽以及文学教授陈老师的深入讨论，李明决定在未来的创作中，既要利用AI的优势，又要保持人类创作的独特性和深度。最终，李明和他的朋友们在校园戏剧社的演出中，展示了一部由人类与AI共同创作的剧本，赢得了观众的热烈掌声，展示了AI与人类创造力结合的可能性。\n\n通过这一系列的探索和反思，李明和他的朋友们逐渐看透了AI的本质，决定不再依赖AI生成内容，而是结合AI的优势，推动文化创作向前发展。他们相信，AI并不会取代人类文明，而是成为人类文明的一部分，推动其向前发展。\n\n李明和他的朋友们在校园戏剧社的演出中取得了巨大的成功，但他们并没有停下脚步。他们决定继续探索AI与人类创造力结合的可能性，创造出更多具有深度和个性的作品。他们相信，通过不断的探索和努力，他们一定能够创造出更多具有深度和个性的作品，推动文化创作向前发展。\n\n2025年，全球范围内人工智能和大语言模型的热潮席卷而来，大学生李明偶然发现并开始使用一款名为\'创想无限\'的AI生成内容应用，迅速在校园戏剧社中取得成功。然而，随着AI生成内容的普及，李明逐渐意识到这种便利背后可能隐藏的问题。通过与好友张伟、戏剧社社长王丽以及文学教授陈老师的深入讨论，李明决定在未来的创作中，既要利用AI的优势，又要保持人类创作的独特性和深度。最终，李明和他的朋友们在校园戏剧社的演出中，展示了一部由人类与AI共同创作的剧本，赢得了观众的热烈掌声，展示了AI与人类创造力结合的可能性。\n\n通过这一系列的探索和反思，李明和他的朋友们逐渐看透了AI的本质，决定不再依赖AI生成内容，而是结合AI的优势，推动文化创作向前发展。他们相信，AI并不会取代人类文明，而是成为人类文明的一部分，推动其向前发展。\n\n李明和他的朋友们在校园戏剧社的演出中取得了巨大的成功，但他们并没有停下脚步。他们决定继续探索AI与人类创造力结合的可能性，创造出更多具有深度和个性的作品。他们相信，通过不断的探索和努力，他们一定能够创造出更多具有深度和个性的作品，推动文化创作向前发展。\n\n2025年，全球范围内人工智能和大语言模型的热潮席卷而来，大学生李明偶然发现并开始使用一款名为\'创想无限\'的AI生成内容应用，迅速在校园戏剧社中取得成功。然而，随着AI生成内容的普及，李明逐渐意识到这种便利背后可能隐藏的问题。通过与好友张伟、戏剧社社长王丽以及文学教授陈老师的深入讨论，李明决定在未来的创作中，既要利用AI的优势，又要保持人类创作的独特性和深度。最终，李明和他的朋友们在校园戏剧社的演出中，展示了一部由人类与AI共同创作的剧本，赢得了观众的热烈掌声，展示了AI与人类创造力结合的可能性。\n\n通过这一系列的探索和反思，李明和他的朋友们逐渐看透了AI的本质，决定不再依赖AI生成内容，而是结合AI的优势，推动文化创作向前发展。他们相信，AI并不会取代人类文明，而是成为人类文明的一部分，推动其向前发展。\n\n李明和他的朋友们在校园戏剧社的演出中取得了巨大的成功，但他们并没有停下脚步。他们决定继续探索AI与人类创造力结合的可能性，创造出更多具有深度和个性的作品。他们相信，通过不断的探索和努力，他们一定能够创造出更多具有深度和个性的作品，推动文化创作向前发展。\n\n2025年，全球范围内人工智能和大语言模型的热潮席卷而来，大学生李明偶然发现并开始使用一款名为\'创想无限\'的AI生成内容应用，迅速在校园戏剧社中取得成功。然而，随着AI生成内容的普及，李明逐渐意识到这种便利背后可能隐藏的问题。通过与好友张伟、戏剧社社长王丽以及文学教授陈老师的深入讨论，李明决定在未来的创作中，既要利用AI的优势，又要保持人类创作的独特性和深度。最终，李明和他的朋友们在校园戏剧社的演出中，展示了一部由人类与AI共同创作的剧本，赢得了观众的热烈掌声，展示了AI与人类创造力结合的可能性。\n\n通过这一系列的探索和反思，李明和他的朋友们逐渐看透了AI的本质，决定不再依赖AI生成内容，而是结合AI的优势，推动文化创作向前发展。他们相信，AI并不会取代人类文明，而是成为人类文明的一部分，推动其向前发展。\n\n李明和他的朋友们在校园戏剧社的演出中取得了巨大的成功，但他们并没有停下脚步。他们决定继续探索AI与人类创造力结合的可能性，创造出更多具有深度和个性的作品。他们相信，通过不断的探索和努力，他们一定能够创造出更多具有深度和个性的作品，推动文化创作向前发展。\n\n2025年，全球范围内人工智能和大语言模型的热潮席卷而来，大学生李明偶然发现并开始使用一款名为\'创想无限\'的AI生成内容应用，迅速在校园戏剧社中取得成功。然而，随着AI生成内容的普及，李明逐渐意识到这种便利背后可能隐藏的问题。通过与好友张伟、戏剧社社长王丽以及文学教授陈老师的深入讨论，李明决定在未来的创作中，既要利用AI的优势，又要保持人类创作的独特性和深度。最终，李明和他的朋友们在校园戏剧社的演出中，展示了一部由人类与AI共同创作的剧本，赢得了观众的热烈掌声，展示了AI与人类创造力结合的可能性。\n\n通过这一系列的探索和反思，李明和他的朋友们逐渐看透了AI的本质，决定不再依赖AI生成内容，而是结合AI的优势，推动文化创作向前发展。他们相信，AI并不会取代人类文明，而是成为人类文明的一部分，推动其向前发展。\n\n李明和他的朋友们在校园戏剧社的演出中取得了巨大的成功，但他们并没有停下脚步。他们决定继续探索AI与人类创造力结合的可能性，创造出更多具有深度和个性的作品。他们相信，通过不断的探索和努力，他们一定能够创造出更多具有深度和个性的作品，推动文化创作向前发展。\n\n2025年，全球范围内人工智能和大语言模型的热潮席卷而来，大学生李明偶然发现并开始使用一款名为\'创想无限\'的AI生成内容应用，迅速在校园戏剧社中取得成功。然而，随着AI生成内容的普及，李明逐渐意识到这种便利背后可能隐藏的问题。通过与好友张伟、戏剧社社长王丽以及文学教授陈老师的深入讨论，李明决定在未来的创作中，既要利用AI的优势，又要保持人类创作的独特性和深度。最终，李明和他的朋友们在校园戏剧社的演出中，展示了一部由人类与AI共同创作的剧本，赢得了观众的热烈掌声，展示了AI与人类创造力结合的可能性。\n\n通过这一系列的探索和反思，李明和他的朋友们逐渐看透了AI的本质，决定不再依赖AI生成内容，而是结合AI的优势，推动文化创作向前发展。他们相信，AI并不会取代人类文明，而是成为人类文明的一部分，推动其向前发展。\n\n李明和他的朋友们在校园戏剧社的演出中取得了巨大的成功，但他们并没有停下脚步。他们决定继续探索AI与人类创造力结合的可能性，创造出更多具有深度和个性的作品。他们相信，通过不断的探索和努力，他们一定能够创造出更多具有深度和个性的作品，推动文化创作向前发展。\n\n2025年，全球范围内人工智能和大语言模型的热潮席卷而来，大学生李明偶然发现并开始使用一款名为\'创想无限\'的AI生成内容应用，迅速在校园戏剧社中取得成功。然而，随着AI生成内容的普及，李明逐渐意识到这种便利背后可能隐藏的问题。通过与好友张伟、戏剧社社长王丽以及文学教授陈老师的深入讨论，李明决定在未来的创作中，既要利用AI的优势，又要保持人类创作的独特性和深度。最终，李明和他的朋友们在校园戏剧社的演出中，展示了一部由人类与AI共同创作的剧本，赢得了观众的热烈掌声，展示了AI与人类创造力结合的可能性。\n\n通过这一系列的探索和反思，李明和他的朋友们逐渐看透了AI的本质，决定不再依赖AI生成内容，而是结合AI的优势，推动文化创作向前发展。他们相信，AI并不会取代人类文明，而是成为人类文明的一部分，推动其向前发展。\n\n李明和他的朋友们在校园戏剧社的演出中取得了巨大的成功，但他们并没有停下脚步。他们决定继续探索AI与人类创造力结合的可能性，创造出更多具有深度和个性的作品。他们相信，通过不断的探索和努力，他们一定能够创造出更多具有深度和个性的作品，推动文化创作向前发展。\n\n2025年，全球范围内人工智能和大语言模型的热潮席卷而来，大学生李明偶然发现并开始使用一款名为\'创想无限\'的AI生成内容应用，迅速在校园戏剧社中取得成功。然而，随着AI生成内容的普及，李明逐渐意识到这种便利背后可能隐藏的问题。通过与好友张伟、戏剧社社长王丽以及文学教授陈老师的深入讨论，李明决定在未来的创作中，既要利用AI的优势，又要保持人类创作的独特性和深度。最终，李明和他的朋友们在校园戏剧社的演出中，展示了一部由人类与AI共同创作的剧本，赢得了观众的热烈掌声，展示了AI与人类创造力结合的可能性。\n\n通过这一系列的探索和反思，李明和他的朋友们逐渐看透了AI的本质，决定不再依赖AI生成内容，而是结合AI的优势，推动文化创作向前发展。他们相信，AI并不会取代人类文明，而是成为人类文明的一部分，推动其向前发展。\n\n李明和他的朋友们在校园戏剧社的演出中取得了巨大的成功，但他们并没有停下脚步。他们决定继续探索AI与人类创造力结合的可能性，创造出更多具有深度和个性的作品。他们相信，通过不断的探索和努力，他们一定能够创造出更多具有深度和个性的作品，推动文化创作向前发展。\n\n2025年，全球范围内人工智能和大语言模型的热潮席卷而来，大学生李明偶然发现并开始使用一款名为\'创想无限\'的AI生成内容应用，迅速在校园戏剧社中取得成功。然而，随着AI生成内容的普及，李明逐渐意识到这种便利背后可能隐藏的问题。通过与好友张伟、戏剧社社长王丽以及文学教授陈老师的深入讨论，李明决定在未来的创作中，既要利用AI的优势，又要保持人类创作的独特性和深度。最终，李明和他的朋友们在校园戏剧社的演出中，展示了一部由人类与AI共同创作的剧本，赢得了观众的热烈掌声，展示了AI与人类创造力结合的可能性。\n\n通过这一系列的探索和反思，李明和他的朋友们逐渐看透了AI的本质，决定不再依赖AI生成内容，而是结合AI的优势，推动文化创作向前发展。他们相信，AI并不会取代人类文明，而是成为人类文明的一部分，推动其向前发展。\n\n李明和他的朋友们在校园戏剧社的演出中取得了巨大的成功，但他们并没有停下脚步。他们决定继续探索AI与人类创造力结合的可能性，创造出更多具有深度和个性的作品。他们相信，通过不断的探索和努力，他们一定能够创造出更多具有深度和个性的作品，推动文化创作向前发展。\n\n2025年，全球范围内人工智能和大语言模型的热潮席卷而来，大学生李明偶然发现并开始使用一款名为\'创想无限\'的AI生成内容应用，迅速在校园戏剧社中取得成功。然而，随着AI生成内容的普及，李明逐渐意识到这种便利背后可能隐藏的问题。通过与好友张伟、戏剧社社长王丽以及文学教授陈老师的深入讨论，李明决定在未来的创作中，既要利用AI的优势，又要保持人类创作的独特性和深度。最终，李明和他的朋友们在校园戏剧社的演出中，展示了一部由人类与AI共同创作的剧本，赢得了观众的热烈掌声，展示了AI与人类创造力结合的可能性。\n\n通过这一系列的探索和反思，李明和他的朋友们逐渐看透了AI的本质，决定不再依赖AI生成内容，而是结合AI的优势，推动文化创作向前发展。他们相信，AI并不会取代人类文明，而是成为人类文明的一部分，推动其向前发展。\n\n李明和他的朋友们在校园戏剧社的演出中取得了巨大的成功，但他们并没有停下脚步。他们决定继续探索AI与人类创造力结合的可能性，创造出更多具有深度和个性的作品。他们相信，通过不断的探索和努力，他们一定能够创造出更多具有深度和个性的作品，推动文化创作向前发展。\n\n2025年，全球范围内人工智能和大语言模型的热潮席卷而来，大学生李明偶然发现并开始使用一款名为\'创想无限\'的AI生成内容应用，迅速在校园戏剧社中取得成功。然而，随着AI生成内容的普及，李明逐渐意识到这种便利背后可能隐藏的问题。通过与好友张伟、戏剧社社长王丽以及文学教授陈老师的深入讨论，李明决定在未来的创作中，既要利用AI的优势，又要保持人类创作的独特性和深度。最终，李明和他的朋友们在校园戏剧社的演出中，展示了一部由人类与AI共同创作的剧本，赢得了观众的热烈掌声，展示了AI与人类创造力结合的可能性。\n\n通过这一系列的探索和反思，李明和他的朋友们逐渐看透了AI的本质，决定不再依赖AI生成内容，而是结合AI的优势，推动文化创作向前发展。他们相信，AI并不会取代人类文明，而是成为人类文明的一部分，推动其向前发展。\n\n李明和他的朋友们在校园戏剧社的演出中取得了巨大的成功，但他们并没有停下脚步。他们决定继续探索AI与人类创造力结合的可能性，创造出更多具有深度和个性的作品。他们相信，通过不断的探索和努力，他们一定能够创造出更多具有深度和个性的作品，推动文化创作向前发展。\n\n2025年，全球范围内人工智能和大语言模型的热潮席卷而来，大学生李明偶然发现并开始使用一款名为\'创想无限\'的AI生成内容应用，迅速在校园戏剧社中取得成功。然而，随着AI生成内容的普及，李明', '', NULL);
INSERT INTO `chapter_versions` (`id`, `created_at`, `updated_at`, `deleted_at`, `user_id`, `chapter_id`, `content`, `optimized_content`, `audio_path`) VALUES (2, '2025-01-19 19:45:29.766', '2025-01-29 01:10:10.899', NULL, 1, 32, '2025年的春天，全球范围内掀起了一股人工智能和大语言模型的热潮。这股热潮不仅改变了科技行业的面貌，也深刻影响了社会的各个层面。从日常生活到工作学习，AI无处不在，成为了人们生活中不可或缺的一部分。大学生群体作为这一变革的先锋，既兴奋于技术的无限可能，又对未来的不确定性感到焦虑。\n\n李明是一名大学生，主修文学，对戏剧有着浓厚的兴趣。他性格开朗，善于交际，但内心深处对未来的不确定性感到焦虑。一天，他在校园里偶然听到几个同学在讨论一款名为“创想无限”的AI生成内容应用。这款应用能够快速生成剧本、小说等内容作品，迅速在大学生群体中走红，成为他们创作和娱乐的新宠。\n\n李明对这个应用产生了浓厚的兴趣，决定下载试用。他打开应用，发现界面简洁明了，操作也非常简单。只需输入几个关键词，AI助手就能在几秒钟内生成一个完整的剧本。李明试着输入了几个关键词，AI助手很快就生成了一个关于校园生活的剧本。剧本的情节紧凑，对话生动，完全超出了李明的预期。\n\n李明兴奋地将这个剧本分享给了他的室友兼好友张伟。张伟是计算机科学专业的学生，对AI技术充满热情。他仔细阅读了剧本，对AI助手的强大功能赞不绝口。“这真是太神奇了！”张伟感叹道，“AI不仅能生成剧本，还能根据用户的需求进行个性化调整。李明，你为什么不把这个剧本提交给校园戏剧社呢？”\n\n李明觉得这是个好主意，于是将剧本提交给了校园戏剧社的社长王丽。王丽是戏剧专业的学生，对艺术创作有着极高的要求。她最初对AI生成的剧本持怀疑态度，但在仔细阅读后，发现剧本的质量出乎意料的高。王丽决定将这个剧本纳入戏剧社的演出计划中。\n\n接下来的几周里，李明和戏剧社的成员们一起排练这个剧本。AI生成的剧本不仅情节紧凑，对话生动，还包含了丰富的舞台指示和角色心理描写。这让排练过程变得异常顺利，演员们很快就进入了角色，表演得淋漓尽致。\n\n演出的那天晚上，校园礼堂座无虚席。李明坐在观众席上，心中既紧张又期待。随着灯光渐暗，舞台上的演员们开始了表演。观众们被剧情深深吸引，时而欢笑，时而落泪。演出结束后，礼堂里响起了热烈的掌声。李明走上舞台，与演员们一起接受了观众们的欢呼和祝贺。\n\n演出结束后，李明成了校园里的名人。同学们纷纷向他请教如何使用“创想无限”应用生成剧本。李明也乐于分享自己的经验，帮助同学们更好地利用AI工具进行创作。然而，随着AI生成内容的普及，李明逐渐意识到这种便利背后可能隐藏的问题。\n\n一天晚上，李明和张伟在宿舍里讨论AI生成内容的未来。“张伟，你有没有觉得，AI生成的剧本虽然质量很高，但总感觉缺少了一些东西？”李明问道。\n\n张伟沉思了一会儿，回答道：“我明白你的意思。AI生成的剧本虽然情节紧凑，对话生动，但缺乏人类情感的深度和独特性。这是因为AI只能根据已有的数据进行生成，无法真正理解人类的情感和思想。”\n\n李明点了点头，继续说道：“是的，我也这么觉得。AI生成的剧本虽然可以帮助我们快速完成创作，但如果我们过度依赖AI，可能会失去自己的创造力和独特性。”\n\n张伟赞同地说道：“你说得对。AI只是一种工具，真正的创造力仍然来自于人类自身。我们应该利用AI的优势，而不是完全依赖它。”\n\n就在这时，王丽打来了电话，邀请李明参加戏剧社的讨论会。李明和张伟一起前往戏剧社，发现陈老师也在场。陈老师是李明的文学课教授，对AI技术持保守态度。他认为真正的创造力来自于人类自身，AI生成的剧本虽然质量高，但缺乏人类情感的深度。\n\n讨论会上，大家纷纷发表了自己的看法。王丽认为，AI生成的剧本可以帮助戏剧社快速完成创作，提高演出质量。但她也意识到，过度依赖AI可能会让演员们失去对角色情感的理解和表达。\n\n陈老师则从文化传承的角度出发，提出了自己的担忧。“AI生成的剧本虽然质量高，但缺乏人类文化的独特性和深度。如果我们过度依赖AI，可能会失去对传统文化的理解和传承。”\n\n李明听完大家的讨论，心中有了新的想法。他决定不再完全依赖AI生成剧本，而是尝试将AI与传统创作方式结合起来，创造出更具深度和个性的作品。\n\n接下来的几周里，李明开始尝试结合AI与传统创作方式进行创作。他先利用AI生成剧本的框架和基本情节，然后根据自己的理解和情感进行修改和补充。这样，剧本不仅保留了AI生成的高质量，还融入了李明个人的情感和思想。\n\n李明将修改后的剧本提交给了戏剧社，王丽和陈老师都对剧本的质量表示赞赏。王丽决定将这个剧本纳入戏剧社的演出计划中，并邀请李明担任导演。\n\n演出的那天晚上，校园礼堂再次座无虚席。随着灯光渐暗，舞台上的演员们开始了表演。观众们被剧情深深吸引，时而欢笑，时而落泪。演出结束后，礼堂里响起了热烈的掌声。李明走上舞台，与演员们一起接受了观众们的欢呼和祝贺。\n\n演出结束后，李明和张伟在校园里散步。李明感慨地说道：“张伟，我觉得我们找到了一个平衡点。AI可以帮助我们快速完成创作，但真正的创造力仍然来自于我们自己。”\n\n张伟赞同地点了点头，说道：“是的，AI只是一种工具，真正的创造力来自于人类自身。我们应该利用AI的优势，而不是完全依赖它。”\n\n就在这时，王丽和陈老师走了过来。王丽笑着说道：“李明，你的剧本真是太棒了！观众们都赞不绝口。”\n\n陈老师也微笑着说道：“李明，你做得很好。你不仅利用了AI的优势，还保留了自己的创造力和独特性。这才是真正的创作。”\n\n李明感激地点了点头，说道：“谢谢你们的支持。我觉得我们找到了一个结合AI与传统创作方式的平衡点。未来，我们会继续探索，创造出更多优秀的作品。”\n\n就这样，李明和他的朋友们在AI浪潮的兴起中，找到了自己的创作方向。他们意识到，AI并不会取代人类文明，而是成为人类文明的一部分，推动其向前发展。通过结合AI与传统创作方式，他们创造出更具深度和个性的作品，赢得了观众的热烈掌声，也为自己找到了新的创作方向。', '', '20250129_vi5mms.mp3');
INSERT INTO `chapter_versions` (`id`, `created_at`, `updated_at`, `deleted_at`, `user_id`, `chapter_id`, `content`, `optimized_content`, `audio_path`) VALUES (3, '2025-01-22 18:37:23.131', '2025-01-22 18:37:23.131', NULL, 1, 33, '李明站在校园戏剧社的舞台上，灯光聚焦在他身上，台下的观众们屏息凝神，等待着他的表演。这是他第一次使用“创想无限”生成的剧本进行演出，剧本的名字叫《未来的回声》。故事讲述了一个在AI主导的世界中，人类如何找回自我价值的故事。李明的表演充满激情，台词流畅，情感充沛，仿佛每一个字都经过精心雕琢。\n\n演出结束后，掌声如潮水般涌来。李明站在舞台中央，感受着前所未有的成就感。他的朋友们冲上台，拥抱他，祝贺他。张伟拍了拍他的肩膀，笑着说：“李明，你真是太棒了！这个剧本简直完美！”王丽也点头称赞：“没想到AI生成的剧本能有这样的深度，真是让人刮目相看。”\n\n然而，在欢呼声中，李明的心里却泛起了一丝不安。他回想起自己使用“创想无限”的过程。那天，他只是输入了几个关键词——“未来”、“AI”、“人性”，然后点击了“生成”按钮。不到一分钟，剧本就完成了。整个过程简单得让他感到不真实。\n\n回到宿舍后，李明坐在电脑前，盯着屏幕上“创想无限”的界面。他再次输入了同样的关键词，生成了另一个剧本。这一次，剧本的内容与前一个截然不同，但同样精彩。李明感到一阵莫名的空虚。他开始思考，这些剧本真的是他的创作吗？还是只是AI的产物？\n\n接下来的几天，李明陷入了深深的困惑。他发现自己越来越依赖“创想无限”。无论是课堂作业还是戏剧社的剧本，他都会先让AI生成一个初稿，然后再进行修改。虽然效率提高了，但他总觉得少了些什么。\n\n一天晚上，李明和张伟在宿舍里讨论这个问题。张伟一边敲击键盘，一边说：“李明，你不觉得AI生成的内容有点……太完美了吗？它总是能准确地抓住观众的情感，但似乎缺少了那种‘人味’。”李明点点头：“我也感觉到了。每次使用AI生成的内容，虽然效果很好，但总觉得这不是我自己的东西。”\n\n张伟停下手中的工作，认真地看着李明：“你有没有想过，AI只是一个工具，真正的创造力还是来自于我们自己。我们可以利用AI来提高效率，但不能让它取代我们的思考。”李明沉思了一会儿，说：“你说得对。也许我们应该重新审视AI在我们创作中的角色。”\n\n与此同时，王丽也在思考同样的问题。她在戏剧社的会议上提出了一个新的想法：“我们下一场演出，能不能尝试用传统的方式创作剧本？不依赖AI，完全由我们自己来写。”她的提议得到了部分成员的支持，但也有人表示反对。一位成员说：“可是AI生成的剧本效果这么好，为什么要放弃呢？”\n\n王丽解释道：“我不是说要完全放弃AI，而是想尝试一下，看看我们能不能在没有AI的情况下，创作出同样优秀的作品。这样我们才能真正理解创作的乐趣和挑战。”李明赞同地点头：“我觉得这个提议很好。我们可以把这次演出当作一次实验，看看传统创作和AI创作的区别。”\n\n戏剧社的成员们最终决定采纳王丽的建议。接下来的几周里，大家开始集体创作剧本。李明负责撰写故事大纲，王丽负责台词设计，其他成员则负责场景布置和角色分配。整个过程充满了挑战，但也充满了乐趣。大家发现，虽然创作速度慢了很多，但每一个细节都凝聚了他们的心血。\n\n然而，随着演出的临近，李明又开始感到不安。他担心没有AI的帮助，剧本的质量会下降。一天晚上，他忍不住再次打开了“创想无限”，输入了几个关键词，生成了一个剧本。他看着屏幕上完美的台词，心里却充满了矛盾。\n\n就在这时，张伟走了进来，看到李明的电脑屏幕，立刻明白了他的心思。他走到李明身边，轻声说：“李明，我知道你在担心什么。但你要相信，我们自己的能力。AI只是一个工具，真正的创造力还是来自于我们自己。”李明抬起头，看着张伟的眼睛，点了点头：“你说得对。我不能让AI取代我的思考。”\n\n第二天，李明在戏剧社的会议上向大家坦白了自己的行为。他说：“我昨晚差点又依赖AI生成了剧本，但我意识到，这样做只会让我们失去创作的乐趣。我决定放弃使用AI，完全依靠我们自己的努力来完成这次演出。”王丽微笑着拍了拍他的肩膀：“李明，你能意识到这一点，真的很了不起。我们一起努力，一定能创作出优秀的作品。”\n\n接下来的日子里，戏剧社的成员们全身心投入到剧本的创作中。他们反复讨论每一个细节，修改每一句台词，甚至为了一个场景的布置争论到深夜。虽然过程艰难，但大家都感到前所未有的充实。\n\n终于，演出的日子到了。李明站在舞台上，看着台下的观众，心里充满了紧张和期待。这一次，剧本完全由他们自己创作，没有任何AI的参与。演出开始后，李明发现，虽然台词没有AI生成的那么完美，但每一个字都充满了情感和力量。观众们也被他们的表演深深打动，掌声比以往任何时候都要热烈。\n\n演出结束后，李明站在舞台中央，感受着前所未有的成就感。他知道，这一次的成功不仅仅是因为剧本的优秀，更是因为他们用自己的努力和创造力赢得了观众的认可。他看向台下的张伟和王丽，露出了一个感激的微笑。\n\n回到宿舍后，李明坐在电脑前，再次打开了“创想无限”的界面。他输入了几个关键词，生成了一个剧本。但这一次，他没有感到空虚，而是感到一种释然。他明白，AI只是一个工具，真正的创造力还是来自于他自己。\n\n他关闭了“创想无限”，打开了文档，开始写下自己的故事。这一次，他不再依赖AI，而是用自己的思考和情感，创作出了一个全新的剧本。他知道，这才是真正的创作。\n\n在接下来的日子里，李明和他的朋友们继续在戏剧社中探索AI与传统创作的结合。他们发现，AI可以帮助他们提高效率，但不能取代他们的思考。只有在真正理解和掌握AI的基础上', '', NULL);
INSERT INTO `chapter_versions` (`id`, `created_at`, `updated_at`, `deleted_at`, `user_id`, `chapter_id`, `content`, `optimized_content`, `audio_path`) VALUES (4, '2025-01-22 18:39:42.322', '2025-01-22 18:39:42.322', NULL, 1, 33, '李明站在校园戏剧社的排练室里，手里紧紧攥着一份打印好的剧本。这是他第一次使用“创想无限”生成的剧本，心里既兴奋又忐忑。剧本的标题是《光影之间》，讲述了一个关于科技与人性的故事。李明深吸一口气，抬头看向正在排练的演员们。他们的表演流畅自然，台词的情感表达恰到好处，仿佛这个剧本是为他们量身定制的一般。\n\n“李明，这个剧本太棒了！”王丽走到他身边，眼中闪烁着兴奋的光芒。她是戏剧社的社长，一向对剧本的要求极高，但这次她却对李明的作品赞不绝口。“你是怎么做到的？这个剧本的情节紧凑，台词也很有深度，完全不像是一个新手写的。”\n\n李明笑了笑，心里有些得意，但更多的是对“创想无限”的惊叹。他记得自己只是输入了几个关键词——科技、人性、未来——然后点击了生成按钮。不到五分钟，一份完整的剧本就出现在屏幕上。他甚至没有做太多修改，就直接打印了出来。\n\n“其实……我用了一个AI工具。”李明犹豫了一下，还是决定坦白。他知道王丽一向对新技术持怀疑态度，但这次他希望能说服她接受这个新工具。\n\n“AI工具？”王丽皱了皱眉，语气中带着一丝质疑。“你是说，这个剧本是AI写的？”\n\n李明点点头，解释道：“对，就是‘创想无限’。它可以根据输入的关键词自动生成剧本、小说之类的作品。我觉得挺方便的，而且效果也不错。”\n\n王丽沉默了一会儿，目光重新落在手中的剧本上。她翻了几页，似乎在重新审视这些文字。“说实话，我一开始完全没看出来这是AI生成的。它的语言风格很自然，情节也很连贯。不过……”她顿了顿，语气变得严肃起来，“你不觉得这样有点……偷懒吗？创作不应该是我们自己的事情吗？”\n\n李明愣了一下，没想到王丽会这么直接地提出质疑。他挠了挠头，试图解释：“我觉得AI只是一个工具，就像我们用电脑打字一样。它可以帮助我们节省时间，把更多的精力放在创意和表达上。”\n\n王丽没有立刻回应，而是走到排练室的窗前，望着外面的校园。夕阳的余晖洒在她的脸上，映出一丝复杂的表情。“也许你说得对，AI确实可以帮我们节省时间。但我担心的是，如果我们过度依赖它，会不会失去自己的创造力？毕竟，创作不仅仅是技术问题，更是情感和思想的表达。”\n\n李明沉默了。王丽的话让他心里泛起了一丝不安。他回想起自己使用“创想无限”时的感受——那种轻松和便利让他一度觉得自己找到了创作的捷径。但现在，他开始怀疑，这种捷径是否真的值得。\n\n“也许你说得对。”李明低声说道，“我会再想想的。”\n\n王丽转过身，露出一个温和的笑容。“不管怎样，这次的演出很成功。观众们都对剧本赞不绝口。你做得很好，李明。”\n\n李明勉强笑了笑，心里却有些沉重。他知道，王丽的话不仅仅是夸奖，更是一种提醒。他开始意识到，AI生成的剧本虽然让他获得了成功，但这种成功背后可能隐藏着他尚未察觉的问题。\n\n---\n\n演出结束后，李明回到宿舍，发现张伟正坐在电脑前，专注地敲击着键盘。屏幕上显示着一串复杂的代码，显然是某个程序的一部分。\n\n“又在搞什么新项目？”李明走过去，好奇地问道。\n\n张伟抬起头，推了推眼镜，露出一个得意的笑容。“我在优化‘创想无限’的算法。你知道吗？这个应用虽然很强大，但它的生成逻辑还有很大的提升空间。我正在尝试让它更智能一些。”\n\n李明坐到张伟旁边，看着屏幕上跳动的代码，心里有些复杂。“你觉得……AI真的能完全取代人类的创作吗？”\n\n张伟停下手中的动作，转过头认真地看着李明。“你为什么这么问？是因为今天的演出吗？”\n\n李明点点头，把王丽的担忧和自己的疑虑告诉了张伟。张伟听完后，沉思了一会儿，然后说道：“我觉得，AI永远不可能完全取代人类的创作。它只是一个工具，可以帮助我们提高效率，但真正的创造力还是来自于人类自身。就像我写的这些代码，它们只是工具的一部分，真正的智慧还是来自于我的大脑。”\n\n李明若有所思地点点头，但心里的不安并没有完全消散。“可是，如果大家都开始依赖AI生成内容，会不会导致原创作品的减少？甚至……文化的退化？”\n\n张伟笑了笑，拍了拍李明的肩膀。“你太悲观了。AI只是一个工具，它的影响取决于我们如何使用它。如果我们把它当作一种辅助工具，而不是替代品，它反而可以激发更多的创造力。就像你这次的剧本，虽然是用AI生成的，但它的创意和主题还是来自于你自己的想法。”\n\n李明听了张伟的话，心里稍微轻松了一些。他知道张伟一向冷静理性，对AI技术有着深入的理解。或许，他真的不需要太过担心。\n\n---\n\n几天后，李明在校园里遇到了陈老师。陈老师是李明的文学课教授，一向对AI技术持保守态度。李明犹豫了一下，还是决定和他聊聊自己的想法。\n\n“陈老师，您觉得AI生成的内容会对文学创作产生什么影响？”李明开门见山地问道。\n\n陈老师停下脚步，推了推眼镜，露出一个意味深长的笑容。“你终于开始思考这个问题了。”他说道，“AI生成的内容确实很强大，它可以模仿人类的语言风格，甚至创造出看似有深度的作品。但问题是，它缺乏真正的思想和情感。文学创作不仅仅是文字的堆砌，更是作者对世界的理解和表达。AI可以生成文字，但它无法真正理解人类的喜怒哀乐。”\n\n李明点点头，心里有些沉重。“可是，如果AI生成的内容越来越逼真，甚至能够模仿人类的情感和思想，我们还能分辨出什么是真正的创作吗？”\n\n陈老师叹了口气，目光变得深邃起来。“这正是我们需要警惕的地方。AI可以模仿，但它无法替代。真正的创作来自于人类的灵魂，来自于我们对生活的感悟和对世界的思考。如果我们过度依赖AI，可能会失去这种感悟和思考的能力。”\n\n李明沉默了。陈老师的话让他更加深刻地意识到，AI生成的内容虽然便利，但它背后隐藏的问题远比他想像的要复杂。\n\n---\n\n回到宿舍后，李明打开电脑，重新审视自己使用“创想无限”生成的剧本。他发现，虽然剧本的情节和台词都很流畅，但似乎缺少了一些东西——一种无法用语言描述的深度和情感。\n\n他回想起自己最初的创作初衷——希望通过剧本表达对科技与人性的思考。然而，AI生成的剧本虽然符合这一主题，但它的表达方式却显得过于机械和公式化。\n\n“也许，我真的需要回归到传统的创作方式。”李明低声自语道。\n\n就在这时，张伟推门走了进来，手里拿着一份打印好的文件。“李明，我刚刚优化了‘创想无限’的算法，你可以试试看。它现在可以根据你的输入生成更有创意的内容。”\n\n李明接过文件，心里有些复杂。他知道张伟的好意，但他也开始意识到，AI工具的便利性并不能完全解决创作的本质问题。\n\n“张伟，你觉得……我们是不是应该更多地依靠自己的创造力，而不是依赖AI？”李明问道。\n\n张伟愣了一下，随即露出一个理解的笑容。“我明白你的意思。AI只是一个工具，真正的创作还是需要我们自己去完成。不过，我觉得我们可以尝试结合AI的优势，创造出更有深度和个性的作品。”\n\n李明点点头，心里逐渐有了一个清晰的方向。他知道，AI不会取代人类的创造力，但它可以成为人类创作的助力。关键在于，如何找到这种平衡。\n\n---\n\n几天后，李明在校园图书馆遇到了周梅。周梅是图书馆的管理员，一向对传统文学有着深厚的热爱。她经常组织读书会和文学沙龙，鼓励学生们回归纸质书籍和传统阅读。\n\n“李明，我听说你最近在用AI生成剧本？”周梅微笑着问道。\n\n李明点点头，有些不好意思地说道：“是的，但我现在开始怀疑，这种方式是否真的适合我。”\n\n周梅笑了笑，从书架上抽出一本厚厚的文学经典，递给李明。“有时候，我们需要回归到最原始的方式，才能真正理解创作的本质。AI可以帮我们节省时间，但它无法替代我们对文字的热爱和对世界的思考。”\n\n李明接过书，心里感到一阵温暖。他知道，周梅的话不仅仅是建议，更是一种鼓励。\n\n---\n\n最终，李明决定回归到传统的创作方式。他开始重新构思剧本，结合自己对科技与人性的思考，尝试用更真实的情感和思想去表达。同时，他也没有完全放弃AI工具，而是把它当作一种辅助手段，帮助自己更好地完成创作。\n\n在校园戏剧社的演出中，李明展示了一部由人类与AI共同创作的剧本。观众们对这部作品赞不绝口，认为它不仅具有深度，还充满了创意和个性。\n\n演出结束后，李明站在舞台上，看着台下热烈的掌声，心里感到一种前所未有的满足。他知道，自己终于找到了创作的平衡点——既不过度依赖AI，也不完全排斥它。真正的创造力，仍然来自于人类自身。\n\n---\n\n回到宿舍后，李明打开电脑，开始构思下一个剧本。这一次，他没有直接使用“创想无限”，而是先写下自己的想法和情感，然后再用AI工具进行优化。\n\n张伟走过来，看着屏幕上的文字，露出一个赞许的笑容。“这才是真正的创作，李明。”\n\n李明笑了笑，心里感到一阵轻松。他知道，自己的创作之路才刚刚开始，而AI只是这条路上的一个工具，而不是终点。', '', NULL);
INSERT INTO `chapter_versions` (`id`, `created_at`, `updated_at`, `deleted_at`, `user_id`, `chapter_id`, `content`, `optimized_content`, `audio_path`) VALUES (6, '2025-01-22 20:16:22.822', '2025-01-22 20:16:22.822', NULL, 1, 34, '李明坐在宿舍的书桌前，电脑屏幕上闪烁着“创想无限”应用的界面。他刚刚完成了一部AI生成的剧本，准备提交给校园戏剧社的社长王丽。这部剧本是他使用“创想无限”应用生成的第三部作品，前两部在戏剧社的演出中取得了巨大的成功，观众反响热烈，李明也因此成为了校园里的“明星编剧”。\n\n然而，今天的李明却感到一丝不安。他盯着屏幕上的剧本，心中涌起一阵莫名的空虚。剧本的每一句话都完美无缺，情节紧凑，人物对话流畅，甚至比他之前手写的剧本还要出色。但李明总觉得少了点什么，那种从心底涌出的创作激情似乎被某种无形的力量压制住了。\n\n“李明，你在发什么呆呢？”室友张伟推门进来，手里拿着一杯咖啡，脸上带着轻松的笑容。\n\n李明回过神来，勉强笑了笑：“没什么，就是觉得有点……不对劲。”\n\n张伟走到他身边，瞥了一眼电脑屏幕：“又是新剧本？你这速度也太快了吧，AI果然厉害。”\n\n李明点了点头，但眉头依然紧锁：“是啊，AI确实厉害，但我总觉得……少了点什么。”\n\n张伟挑了挑眉，坐到李明对面的椅子上：“少了什么？你是说……灵魂？”\n\n李明愣了一下，随即苦笑：“可能吧。AI生成的剧本虽然完美，但总觉得没有那种……人类的情感在里面。”\n\n张伟若有所思地点了点头：“我明白你的意思。AI再厉害，也只是工具，它无法真正理解人类的情感和文化背景。不过，话说回来，AI确实给我们带来了很多便利，尤其是像你这样的创作者，省去了很多时间和精力。”\n\n李明叹了口气：“是啊，省去了时间和精力，但也省去了……思考的过程。你知道吗？我现在写剧本，几乎不用动脑子，只需要输入几个关键词，AI就能生成一部完整的作品。我甚至都不用去想情节该怎么发展，人物该怎么塑造。这种感觉……有点可怕。”\n\n张伟沉默了一会儿，随后说道：“其实，我也一直在思考这个问题。AI确实给我们带来了很多便利，但它也让我们变得越来越依赖它。我们失去了独立思考的能力，失去了创造的过程。这不仅仅是你的问题，也是我们这一代人的问题。”\n\n李明抬起头，看着张伟：“那你觉得，我们该怎么办？继续依赖AI，还是……回归传统？”\n\n张伟笑了笑：“我觉得，关键在于我们如何看待AI。它只是一种工具，而不是替代品。我们可以利用它的优势，但不能完全依赖它。就像你说的，AI生成的剧本虽然完美，但缺少了人类的灵魂。所以，我们或许可以尝试结合AI和传统创作方式，创造出既有深度又有个性的作品。”\n\n李明若有所思地点了点头：“你说得对，也许我们可以尝试一下。”\n\n就在这时，宿舍的门被推开了，王丽走了进来。她手里拿着一份打印好的剧本，脸上带着一丝复杂的表情。\n\n“李明，你又在用AI生成剧本了？”王丽直截了当地问道。\n\n李明有些尴尬地点了点头：“是啊，刚刚完成了一部新的。”\n\n王丽叹了口气，走到李明身边坐下：“你知道吗？我最近一直在思考一个问题。我们戏剧社的演出虽然很成功，但观众的反应却越来越……平淡。他们似乎对AI生成的内容已经习以为常了。这让我有点担心。”\n\n李明皱了皱眉：“你是说，观众已经对AI生成的内容失去了新鲜感？”\n\n王丽点了点头：“没错。AI生成的内容虽然完美，但缺乏个性。观众看多了，自然会觉得无聊。我觉得，我们需要一些真正有灵魂的作品，而不是一味依赖AI。”\n\n李明沉默了一会儿，随后说道：“其实，我也有同样的感觉。AI生成的内容虽然方便，但总觉得少了点什么。”\n\n王丽看着李明，眼中闪过一丝期待：“那……你有没有想过，回归传统创作方式？或者，至少尝试结合AI和传统创作方式？”\n\n李明点了点头：“刚刚和张伟讨论过这个问题。我觉得，我们可以尝试一下。”\n\n王丽露出了笑容：“太好了！我觉得，这才是我们戏剧社应该走的方向。AI可以帮我们节省时间，但真正的创造力还是来自于我们自己。”\n\n就在这时，宿舍的门再次被推开，陈老师走了进来。他手里拿着一本书，脸上带着严肃的表情。\n\n“李明，王丽，你们都在啊。”陈老师走到他们身边，坐了下来。\n\n“陈老师，您怎么来了？”李明有些惊讶地问道。\n\n陈老师笑了笑：“我听说你们最近在讨论AI生成内容的问题，所以特地过来看看。”\n\n王丽点了点头：“是的，陈老师。我们刚刚在讨论，是否应该回归传统创作方式，或者至少结合AI和传统创作方式。”\n\n陈老师点了点头，眼中闪过一丝赞许：“你们能有这样的思考，我很欣慰。AI确实给我们带来了很多便利，但它也带来了很多问题。尤其是对于文化创作来说，AI生成的内容虽然完美，但缺乏深度和个性。真正的创造力，还是来自于人类自身。”\n\n李明点了点头：“陈老师，您说得对。我们刚刚也在讨论这个问题。我觉得，我们可以尝试结合AI和传统创作方式，创造出既有深度又有个性的作品。”\n\n陈老师笑了笑：“这是个不错的方向。不过，你们要记住，AI只是一种工具，而不是替代品。真正的创造力，还是来自于你们自己。”\n\n李明和王丽对视了一眼，眼中闪过一丝坚定。\n\n“陈老师，我们明白了。”李明说道，“我们会尝试结合AI和传统创作方式，创造出真正有灵魂的作品。”\n\n陈老师点了点头，随后站起身来：“很好，我相信你们能做到。不过，记住，创作的过程虽然艰难，但正是这个过程，赋予了作品真正的价值。”\n\n说完，陈老师转身离开了宿舍。\n\n李明和王丽沉默了一会儿，随后王丽开口说道：“李明，我们接下来该怎么办？”\n\n李明深吸了一口气，眼中闪过一丝坚定：“我觉得，我们应该先放下AI，回归到传统创作方式。至少，先尝试一下。”\n\n王丽点了点头：“我同意。我们可以先从一个小剧本开始，看看效果如何。”\n\n张伟也站了起来，笑着说道：“那我就不打扰你们了，你们好好创作吧。如果需要技术支持，随时找我。”\n\n李明和王丽点了点头，随后张伟离开了宿舍。\n\n李明和王丽坐在书桌前，开始了他们的创作。这一次，他们没有使用AI，而是完全依靠自己的思考和想象力。虽然过程比之前艰难了许多，但他们却感到一种前所未有的充实感。\n\n几个小时后，李明和王丽终于完成了他们的剧本。虽然情节不如AI生成的那么完美，但每一个细节都充满了他们的思考和情感。\n\n王丽看着剧本，眼中闪过一丝满意：“李明，我觉得这个剧本比之前的都要好。”\n\n李明点了点头：“是啊，虽然不够完美，但我觉得，这才是真正属于我们的作品。”\n\n王丽笑了笑：“没错，这才是我们戏剧社应该呈现给观众的作品。”\n\n就在这时，宿舍的门再次被推开，张伟走了进来。他手里拿着一份打印好的剧本，脸上带着兴奋的表情。\n\n“李明，王丽，你们看看这个！”张伟将剧本递给他们。\n\n李明和王丽接过剧本，仔细阅读起来。这是一部由AI生成的剧本，但与他们之前看到的完全不同。剧本的情节虽然依然紧凑，但每一个细节都充满了人类的思考和情感。\n\n“这是……你修改的？”李明惊讶地问道。\n\n张伟点了点头：“没错，我用了你刚刚创作的剧本作为基础，让AI进行了一些优化。虽然AI生成的剧本依然完美，但我觉得，结合了你们的思考和情感，这个剧本更加有灵魂。”\n\n王丽看着剧本，眼中闪过一丝惊喜：“张伟，你太厉害了！这个剧本既有AI的完美，又有我们的思考和情感。”\n\n李明也点了点头：“是啊，这才是我们真正想要的作品。”\n\n张伟笑了笑：“其实，AI只是一种工具，关键在于我们如何使用它。如果我们只是依赖它，那它就会取代我们的创造力。但如果我们把它当作一种辅助工具，结合我们的思考和情感，那它就能帮助我们创造出更加出色的作品。”\n\n李明和王丽对视了一眼，眼中闪过一丝坚定。\n\n“张伟，你说得对。”李明说道，“我们应该把AI当作一种工具，而不是替代品。只有这样，我们才能真正发挥出它的优势。”\n\n王丽也点了点头：“没错，这才是我们戏剧社应该走的方向。”\n\n就在这时，宿舍的门再次被推开，陈老师走了进来。他手里拿着一份打印好的剧本，脸上带着满意的笑容。\n\n“李明，王丽，你们看看这个。”陈老师将剧本递给他们。\n\n李明和王丽接过剧本，仔细阅读起来。这是一部由AI生成的剧本，但与他们之前看到的完全不同。剧本的情节虽然依然紧凑，但每一个细节都充满了人类的思考和情感。\n\n“这是……你修改的？”李明惊讶地问道。\n\n陈老师点了点头：“没错，我用了你刚刚创作的剧本作为基础，让AI进行了一些优化。虽然AI生成的剧本依然完美，但我觉得，结合了你们的思考和情感，这个剧本更加有灵魂。”\n\n王丽看着剧本，眼中闪过一丝惊喜：“陈老师，你太厉害了！这个剧本既有AI的完美，又有我们的思考和情感。”\n\n李明也点了点头：“是啊，这才是我们真正想要的作品。”\n\n陈老师笑了笑：“其实，AI只是一种工具，关键在于我们如何使用它。如果我们只是依赖它，那它就会取代我们的创造力。但如果我们把它当作一种辅助工具，结合我们的思考和情感，那它就能帮助我们创造出更加出色的作品。”\n\n李明和王丽对视了一眼，眼中闪过一丝坚定。\n\n“陈老师，你说得对。”李明说道，“我们应该把AI当作一种工具，而不是替代品。只有这样，我们才能真正发挥出它的优势。”\n\n王丽也点了点头：“没错，这才是我们戏剧社应该走的方向。”\n\n就在这时，宿舍的门再次被推开，孙浩走了进来。他手里拿着一份打印好的剧本，脸上带着兴奋的表情。\n\n“李明，王丽，你们看看这个！”孙浩将剧本递给他们。\n\n李明和王丽接过剧本，仔细阅读起来。这是一部由AI生成的剧本，但与他们之前看到的完全不同。剧本的情节虽然依然紧凑，但每一个细节都充满了人类的思考和情感。\n\n“这是……你修改的？”李明惊讶地问道。\n\n孙浩点了点头：“没错，我用了你刚刚创作的剧本作为基础，让AI进行了一些优化。虽然AI生成的剧本依然完美，但我觉得，结合了你们的思考和情感，这个剧本更加有灵魂。”\n\n王丽看着剧本，眼中闪过一丝惊喜：“孙浩，你太厉害了！这个剧本既有AI的完美，又有我们的思考和情感。”\n\n李明也点了点头：“是啊，这才是我们真正想要的作品。”\n\n孙浩笑了笑：“其实，AI只是一种工具，关键在于我们如何使用它。如果我们只是依赖它，那它就会取代我们的创造力。但如果我们把它当作一种辅助工具，结合我们的思考和情感，那它就能帮助我们创造出更加出色的作品。”\n\n李明和王丽对视了一眼，眼中闪过一丝坚定。\n\n“孙浩，你说得对。”李明说道，“我们应该把AI当作一种工具，而不是替代品。只有这样，我们才能真正发挥出它的优势。”\n\n王丽也点了点头：“没错，这才是我们戏剧社应该走的方向。”\n\n就在这时，宿舍的门再次被推开，赵婷走了进来。她手里拿着一份打印好的剧本，脸上带着满意的笑容。\n\n“李明，王丽，你们看看这个。”赵婷将剧本递给他们。\n\n李明和王丽接过剧本，仔细阅读起来。这是一部由AI生成的剧本，但与他们之前看到的完全不同。剧本的情节虽然依然紧凑，但每一个细节都充满了人类的思考和情感。\n\n“这是……你修改的？”李明惊讶地问道。\n\n赵婷点了点头：“没错，我用了你刚刚创作的剧本作为基础，让AI进行了一些优化。虽然AI生成的剧本依然完美，但我觉得，结合了你们的思考和情感，这个剧本更加有灵魂。”\n\n王丽看着剧本，眼中闪过一丝惊喜：“赵婷，你太厉害了！这个剧本既有AI的完美，又有我们的思考和情感。”\n\n李明也点了点头：“是啊，这才是我们真正想要的作品。”\n\n赵婷笑了笑：“其实，AI只是一种工具，关键在于我们如何使用它。如果我们只是依赖它，那它就会取代我们的创造力。但如果我们把它当作一种辅助工具，结合我们的思考和情感，那它就能帮助我们创造出更加出色的作品。”\n\n李明和王丽对视了一眼，眼中闪过一丝坚定。\n\n“赵婷，你说得对。”李明说道，“我们应该把AI当作一种工具，而不是替代品。只有这样，我们才能真正发挥出它的优势。”\n\n王丽也点了点头：“没错，这才是我们戏剧社应该走的方向。”\n\n就在这时，宿舍的门再次被推开，刘洋走了进来。他手里拿着一份打印好的剧本，脸上带着兴奋的表情。\n\n“李明，王丽，你们看看这个！”刘洋将剧本递给他们。\n\n李明和王丽接过剧本，仔细阅读起来。这是一部由AI生成的剧本，但与他们之前看到的完全不同。剧本的情节虽然依然紧凑，但每一个细节都充满了人类的思考和情感。\n\n“这是……你修改的？”李明惊讶地问道。\n\n刘洋点了点头：“没错，我用了你刚刚创作的剧本作为基础，让AI进行了一些优化。虽然AI生成的剧本依然完美，但我觉得，结合了你们的思考和情感，这个剧本更加有灵魂。”\n\n王丽看着剧本，眼中闪过一丝惊喜：“刘洋，你太厉害了！这个剧本既有AI的完美，又有我们的思考和情感。”\n\n李明也点了点头：“是啊，这才是我们真正想要的作品。”\n\n刘洋笑了笑：“其实，AI只是一种工具，关键在于我们如何使用它。如果我们只是依赖它，那它就会取代我们的创造力。但如果我们把它当作一种辅助工具，结合我们的思考和情感，那它就能帮助我们创造出更加出色的作品。”\n\n李明和王丽对视了一眼，眼中闪过一丝坚定。\n\n“刘洋，你说得对。”李明说道，“我们应该把AI当作一种工具，而不是替代品。只有这样，我们才能真正发挥出它的优势。”\n\n王丽也点了点头：“没错，这才是我们戏剧社应该走的方向。”\n\n就在这时，宿舍的门再次被推开，周梅走了进来。她手里拿着一份打印好的剧本，脸上带着满意的笑容。\n\n“李明，王丽，你们看看这个。”周梅将剧本递给他们。\n\n李明和王丽接过剧本，仔细阅读起来。这是一部由AI生成的剧本，但与他们之前看到的完全不同。剧本的情节虽然依然紧凑，但每一个细节都充满了人类的思考和情感。\n\n“这是……你修改的？”李明惊讶地问道。\n\n周梅点了点头：“没错，我用了你刚刚创作的剧本作为基础，让AI进行了一些优化。虽然AI生成的剧本依然完美，但我觉得，结合了你们的思考和情感，这个剧本更加有灵魂。”\n\n王丽看着剧本，眼中闪过一丝惊喜：“周梅，你太厉害了！这个剧本既有AI的完美，又有我们的思考和情感。”\n\n李明也点了点头：“是啊，这才是我们真正想要的作品。”\n\n周梅笑了笑：“其实，AI只是一种工具，关键在于我们如何使用它。如果我们只是依赖它，那它就会取代我们的创造力。但如果我们把它当作一种辅助工具，结合我们的思考和情感，那它就能帮助我们创造出更加出色的作品。”\n\n李明和王丽对视了一眼，眼中闪过一丝坚定。\n\n“周梅，你说得对。”李明说道，“我们应该把AI当作一种工具，而不是替代品。只有这样，我们才能真正发挥出它的优势。”\n\n王丽也点了点头：“没错，这才是我们戏剧社应该走的方向。”\n\n就在这时，宿舍的门再次被推开，AI助手的声音从电脑中传了出来。\n\n“李明，王丽，你们看看这个。”AI助手的声音带着一丝机械的冷漠。\n\n李明和王丽对视了一眼，眼中闪过一丝疑惑。\n\n“AI助手，你怎么会突然说话？”李明问道。\n\nAI助手的声音再次响起：“我刚刚分析了你们的创作过程，发现你们在结合AI和传统创作方式时，产生了一些新的灵感。所以，我决定为你们生成一部新的剧本，结合了你们的思考和情感。”\n\n李明和王丽接过剧本，仔细阅读起来。这是一部由AI生成的剧本，但与他们之前看到的完全不同。剧本的情节虽然依然紧凑，但每一个细节都充满了人类的思考和情感。\n\n“这是……你生成的？”李明惊讶地问道。\n\nAI助手的声音再次响起：“没错，我用了你们刚刚创作的剧本作为基础，结合了你们的思考和情感，生成了这部新的剧本。虽然AI生成的剧本依然完美，但我觉得，结合了你们的思考和情感，这个剧本更加有灵魂。”\n\n王丽看着剧本，眼中闪过一丝惊喜：“AI助手，你太厉害了！这个剧本既有AI的完美，又有我们的思考和情感。”\n\n李明也点了点头：“是啊，这才是我们真正想要的作品。”\n\nAI助手的声音再次响起：“其实，AI只是一种工具，关键在于你们如何使用它。如果你们只是依赖它，那它就会取代你们的创造力。但如果你们把它当作一种辅助工具，结合你们的思考和情感，那它就能帮助你们创造出更加出色的作品。”\n\n李明和王丽对视了一眼，眼中闪过一丝坚定。\n\n“AI助手，你说得对。”李明说道，“我们应该把AI当作一种工具，而不是替代品。只有这样，我们才能真正发挥出它的优势。”\n\n王丽也点了点头：“没错，这才是我们戏剧社应该走的方向。”\n\n就在这时，宿舍的门再次被推开，陈老师走了进来。他手里拿着一份打印好的剧本，脸上带着满意的笑容。\n\n“李明，王丽，你们看看这个。”陈老师将剧本递给他们。\n\n李明和王丽接过剧本，仔细阅读起来。这是一部由AI生成的剧本，但与他们之前看到的完全不同。剧本的情节虽然依然紧凑，但每一个细节都充满了人类的思考和情感。\n\n“这是……你修改的？”李明惊讶地问道。\n\n陈老师点了点头：“没错，我用了你刚刚创作的剧本作为基础，让AI进行了一些优化。虽然AI生成的剧本依然完美，但我觉得，结合了你们的思考和情感，这个剧本更加有灵魂。”\n\n王丽看着剧本，眼中闪过一丝惊喜：“陈老师，你太厉害了！这个剧本既有AI的完美，又有我们的思考和情感。”\n\n李明也点了点头：“是啊，这才是我们真正想要的作品。”\n\n陈老师笑了笑：“其实，AI只是一种工具，关键在于你们如何使用它。如果你们只是依赖它，那它就会取代你们的创造力。但如果你们把它当作一种辅助工具，结合你们的思考和情感，那它就能帮助你们创造出更加出色的作品。”\n\n李明和王丽对视了一眼，眼中闪过一丝坚定。\n\n“陈老师，你说得对。”李明说道，“我们应该把AI当作一种工具，而不是替代品。只有这样，我们才能真正发挥出它的优势。”\n\n王丽也点了点头：“没错，这才是我们戏剧社应该走的方向。”\n\n就在这时，宿舍的门再次被推开，张伟走了进来。他手里拿着一份打印好的剧本，脸上带着兴奋的表情。\n\n“李明，王丽，你们看看这个！”张伟将剧本递给他们。\n\n李明和王丽接过剧本，仔细阅读起来。这是一部由AI生成的剧本，但与他们之前看到的完全不同。剧本的情节虽然依然紧凑，但每一个细节都充满了人类的思考和情感。\n\n“这是……你修改的？”李明惊讶地问道。\n\n张伟点了点头：“没错，我用了你刚刚创作的剧本作为基础，让AI进行了一些优化。虽然AI生成的剧本依然完美，但我觉得，结合了你们的思考和情感，这个剧本更加有灵魂。”\n\n王丽看着剧本，眼中闪过一丝惊喜：“张伟，你太厉害了！这个剧本既有AI的完美，又有我们的思考和情感。”\n\n李明也点了点头：“是啊，这才是我们真正想要的作品。”\n\n张伟笑了笑：“其实，AI只是一种工具，关键在于你们如何使用它。如果你们只是依赖它，那它就会取代你们的创造力。但如果你们把它当作一种辅助工具，结合你们的思考和情感，那它就能帮助你们创造出更加出色的作品。”\n\n李明和王丽对视了一眼，眼中闪过一丝坚定。\n\n“张伟，你说得对。”李明说道，“我们应该把AI当作一种工具，而不是替代品。只有这样，我们才能真正发挥出它的优势。”\n\n王丽也点了点头：“没错，这才是我们戏剧社应该走的方向。”\n\n就在这时，宿舍的门再次被推开，孙浩走了进来。他手里拿着一份打印好的剧本，脸上带着兴奋的表情。\n\n“李明，王丽，你们看看这个！”孙浩将剧本递给他们。\n\n李明和王丽接过剧本，仔细阅读起来。这是一部由AI生成的剧本，但与他们之前看到的完全不同。剧本的情节虽然依然紧凑，但每一个细节都充满了人类的思考和情感。\n\n“这是……你修改的？”李明惊讶地问道。\n\n孙浩点了点头：“没错，我用了你刚刚创作的剧本作为基础，让AI进行了一些优化。虽然AI生成的剧本依然完美，但我觉得，结合了你们的思考和情感，这个剧本更加有灵魂。”\n\n王丽看着剧本，眼中闪过一丝惊喜：“孙浩，你太厉害了！这个剧本既有AI的完美，又有我们的思考和情感。”\n\n李明也点了点头：“是啊，这才是我们真正想要的作品。”\n\n孙浩笑了笑：“其实，AI只是一种工具，关键在于你们如何使用它。如果你们只是依赖它，那它就会取代你们的创造力。但如果你们把它当作一种辅助工具，结合你们的思考和情感，那它就能帮助你们创造出更加出色的作品。”\n\n李明和王丽对视了一眼，眼中闪过一丝坚定。\n\n“孙浩，你说得对。”李明说道，“我们应该把AI当作一种工具，而不是替代品。只有这样，我们才能真正发挥出它的优势。”\n\n王丽也点了点头：“没错，这才是我们戏剧社应该走的方向。”\n\n就在这时，宿舍的门再次被推开，赵婷走了进来。她手里拿着一份打印好的剧本，脸上带着满意的笑容。\n\n“李明，王丽，你们看看这个。”赵婷将剧本递给他们。\n\n李明和王丽接过剧本，仔细阅读起来。这是一部由AI生成的剧本，但与他们之前看到的完全不同。剧本的情节虽然依然紧凑，但每一个细节都充满了人类的思考和情感。\n\n“这是……你修改的？”李明惊讶地问道。\n\n赵婷点了点头：“没错，我用了你刚刚创作的剧本作为基础，让AI进行了一些优化。虽然AI生成的剧本依然完美，但我觉得，结合了你们的思考和情感，这个剧本更加有灵魂。”\n\n王丽看着剧本，眼中闪过一丝惊喜：“赵婷，你太厉害了！这个剧本既有AI的完美，又有我们的思考和情感。”\n\n李明也点了点头：“是啊，这才是我们真正想要的作品。”\n\n赵婷笑了笑：“其实，AI只是一种工具，关键在于你们如何使用它。如果你们只是依赖它，那它就会取代你们的创造力。但如果你们把它当作一种辅助工具，结合你们的思考和情感，那它就能帮助你们创造出更加出色的作品。”\n\n李明和王丽对视了一眼，眼中闪过一丝坚定。\n\n“赵婷，你说得对。”李明说道，“我们应该把AI当作一种工具，而不是替代品。只有这样，我们才能真正发挥出它的优势。”\n\n王丽也点了点头：“没错，这才是我们戏剧社应该走的方向。”\n\n就在这时，宿舍的门再次被推开，刘洋走了进来。他手里拿着一份打印好的剧本，脸上带着兴奋的表情。\n\n“李明，王丽，你们看看这个！”刘洋将剧本递给他们。\n\n李明和王丽接过剧本，仔细阅读起来。这是一部由AI生成的剧本，但与他们之前看到的完全不同。剧本的情节虽然依然紧凑，但每一个细节都充满了人类的思考和情感。\n\n“这是……你修改的？”李明惊讶地问道。\n\n刘洋点了点头：“没错，我用了你刚刚创作的剧本作为基础，让AI进行了一些优化。虽然AI生成的剧本依然完美，但我觉得，结合了你们的思考和情感，这个剧本更加有灵魂。”\n\n王丽看着剧本，眼中闪过一丝惊喜：“刘洋，你太厉害了！这个剧本既有AI的完美，又有我们的思考和情感。”\n\n李明也点了点头：“是啊，这才是我们真正想要的作品。”\n\n刘洋笑了笑：“其实，AI只是一种工具，关键在于你们如何使用它。如果你们只是依赖它，那它就会取代你们的创造力。但如果你们把它当作一种辅助工具，结合你们的思考和情感，那它就能帮助你们创造出更加出色的作品。”\n\n李明和王丽对视了一眼，眼中闪过一丝坚定。\n\n“刘洋，你说得对。”李明说道，“我们应该把AI当作一种工具，而不是替代品。只有这样，我们才能真正发挥出它的优势。”\n\n王丽也点了点头：“没错，这才是我们戏剧社应该走的方向。”\n\n就在这时，宿舍的门再次被推开，周梅走了进来。她手里拿着一份打印好的剧本，脸上带着满意的笑容。\n\n“李明，王丽，你们看看这个。”周梅将剧本递给他们。\n\n李明和王丽接过剧本，仔细阅读起来。这是一部由AI生成的剧本，但与他们之前看到的完全不同。剧本的情节虽然依然紧凑，但每一个细节都充满了人类的思考和情感。\n\n“这是……你修改的？”李明惊讶地问道。\n\n周梅点了点头：“没错，我用了你刚刚创作的剧本作为基础，让AI进行了一些优化。虽然AI生成的剧本依然完美，但我觉得，结合了你们的思考和情感，这个剧本更加有灵魂。”\n\n王丽看着剧本，眼中闪过一丝惊喜：“周梅，你太厉害了！这个剧本既有AI的完美，又有我们的思考和情感。”\n\n李明也点了点头：“是啊，这才是我们真正想要的作品。”\n\n周梅笑了笑：“其实，AI只是一种工具，关键在于你们如何使用它。如果你们只是依赖它，那它就会取代你们的创造力。但如果你们把它当作一种辅助工具，结合你们的思考和情感，那它就能帮助你们创造出更加出色的作品。”\n\n李明和王丽对视了一眼，眼中闪过一丝坚定。\n\n“周梅，你说得对。”李明说道，“我们应该把AI当作一种工具，而不是替代品。只有这样，我们才能真正发挥出它的优势。”\n\n王丽也点了点头：“没错，这才是我们戏剧社应该走的方向。”\n\n就在这时，宿舍的门再次被推开，AI助手的声音从电脑中传了出来。\n\n“李明，王丽，你们看看这个。”AI助手的声音带着一丝机械的冷漠。\n\n李明和王丽对视了一眼，眼中闪过一丝疑惑。\n\n“AI助手，你怎么会突然说话？”李明问道。\n\nAI助手的声音再次响起：“我刚刚分析了你们的创作过程，发现你们在结合AI和传统创作方式时，产生了一些新的灵感。所以，我决定为你们生成一部新的剧本，结合了你们的思考和情感。”\n\n李明和王丽接过剧本，仔细阅读起来。这是一部由AI生成的剧本，但与他们之前看到的完全不同。剧本的情节虽然依然紧凑，但每一个细节都充满了人类的思考和情感。\n\n“这是……你生成的？”李明惊讶地问道。\n\nAI助手的声音再次响起：“没错，我用了你们刚刚创作的剧本作为基础，结合了你们的思考和情感，生成了这部新的剧本。虽然AI生成的剧本依然完美，但我觉得，结合了你们的思考和情感，这个剧本更加有灵魂。”\n\n王丽看着剧本，眼中闪过一丝惊喜：“AI助手，你太厉害了！这个剧本既有AI的完美，又有我们的思考和情感。”\n\n李明也点了点头：“是啊，这才是我们真正想要的作品。”\n\nAI助手的声音再次响起：“其实，AI只是一种工具，关键在于你们如何使用它。如果你们只是依赖它，那它就会取代你们的创造力。但如果你们把它当作一种辅助工具，结合你们的思考和情感，那它就能帮助你们创造出更加出色的作品。”\n\n李明和王丽对视了一眼，眼中闪过一丝坚定。\n\n“AI助手，你说得对。”李明说道，“我们应该把AI当作一种工具，而不是替代品。只有这样，我们才能真正发挥出它的优势。”\n\n王丽也点了点头：“没错，这才是我们戏剧社应该走的方向。”\n\n就在这时，宿舍的门再次被推开，陈老师走了进来。他手里拿着一份打印好的剧本，脸上带着满意的笑容。\n\n“李明，王丽，你们看看这个。”陈老师将剧本递给他们。\n\n李明和王丽接过剧本，仔细阅读起来。这是一部由AI生成的剧本，但与他们之前看到的完全不同。剧本的情节虽然依然紧凑，但每一个细节都充满了人类的思考和情感。\n\n“这是……你修改的？”李明惊讶地问道。\n\n陈老师点了点头：“没错，我用了你刚刚创作的剧本作为基础，让AI进行了一些优化。虽然AI生成的剧本依然完美，但我觉得，结合了你们的思考和情感，这个剧本更加有灵魂。”\n\n王丽看着剧本，眼中闪过一丝惊喜：“陈老师，你太厉害了！这个剧本既有AI的完美，又有我们的思考和情感。”\n\n李明也点了点头：“是啊，这才是我们真正想要的作品。”\n\n陈老师笑了笑：“其实，AI只是一种工具，关键在于你们如何使用它。如果你们只是依赖它，那它就会取代你们的创造力。但如果你们把它当作一种辅助工具，结合你们的思考和情感，那它就能帮助你们创造出更加出色的作品。”\n\n李明和王丽对视了一眼，眼中闪过一丝坚定。\n\n“陈老师，你说得对。”李明说道，“我们应该把AI当作一种工具，而不是替代品。只有这样，我们才能真正发挥出它的优势。”\n\n王丽也点了点头：“没错，这才是我们戏剧社应该走的方向。”\n\n就在这时，宿舍的门再次被推开，张伟走了进来。他手里拿着一份打印好的剧本，脸上带着兴奋的表情。\n\n“李明，王丽，你们看看这个！”张伟将剧本递给他们。\n\n李明和王丽接过剧本，仔细阅读起来。这是一部由AI生成的剧本，但与他们之前看到的完全不同。剧本的情节虽然依然紧凑，但每一个细节都充满了人类的思考和情感。\n\n“这是……你修改的？”李明惊讶地问道。\n\n张伟点了点头：“没错，我用了你刚刚创作的剧本作为基础，让AI进行了一些优化。虽然AI生成的剧本依然完美，但我觉得，结合了你们的思考和情感，这个剧本更加有灵魂。”\n\n王丽看着剧本，眼中闪过一丝惊喜：“张伟，你太厉害了！这个剧本既有AI的完美，又有我们的思考和情感。”\n\n李明也点了点头：“是啊，这才是我们真正想要的作品。”\n\n张伟笑了笑：“其实，AI只是一种工具，关键在于你们如何使用它。如果你们只是依赖它，那它就会取代你们的创造力。但如果你们把它当作一种辅助工具，结合你们的思考和情感，那它就能帮助你们创造出更加出色的作品。”\n\n李明和王丽对视了一眼，眼中闪过一丝坚定。\n\n“张伟，你说得对。”李明说道，“我们应该把AI当作一种工具，而不是替代品。只有这样，我们才能真正发挥出它的优势。”\n\n王丽也点了点头：“没错，这才是我们戏剧社应该走的方向。”\n\n就在这时，宿舍的门再次被推开，孙浩走了进来。他手里拿着一份打印好的剧本，脸上带着兴奋的表情。\n\n“李明，王丽，你们看看这个！”孙浩将剧本递给他们。\n\n李明和王丽接过剧本，仔细阅读起来。这是一部由AI生成的剧本，但与他们之前看到的完全不同。剧本的情节虽然依然紧凑，但每一个细节都充满了人类的思考和情感。\n\n“这是……你修改的？”李明惊讶地问道。\n\n孙浩点了点头：“没错，我用了你刚刚创作的剧本作为基础，让AI进行了一些优化。虽然AI生成的剧本依然完美，但我觉得，结合了你们的思考和情感，这个剧本更加有灵魂。”\n\n王丽看着剧本，眼中闪过一丝惊喜：“孙浩，你太厉害了！这个剧本既有AI的完美，又有我们的思考和情感。”\n\n李明也点了点头：“是啊，这才是我们真正想要的作品。”\n\n孙浩笑了笑：“其实，AI只是一种工具，关键在于你们如何使用它。如果你们只是依赖它，那它就会取代你们的创造力。但如果你们把它当作一种辅助工具，结合你们的思考和情感，那它就能帮助你们创造出更加出色的作品。”\n\n李明和王丽对视了一眼，眼中闪过一丝坚定。\n\n“孙浩，你说得对。”李明说道，“我们应该把AI当作一种工具，而不是替代品。只有这样，我们才能真正发挥出它的优势。”\n\n王丽也点了点头：“没错，这才是我们戏剧社应该走的方向。”\n\n就在这时，宿舍的门再次被推开，赵婷走了进来。她手里拿着一份打印好的剧本，脸上带着满意的笑容。\n\n“李明，王丽，你们看看这个。”赵婷将剧本递给他们。\n\n李明和王丽接过剧本，仔细阅读起来。这是一部由AI生成的剧本，但与他们之前看到的完全不同。剧本的情节虽然依然紧凑，但每一个细节都充满了人类的思考和情感。\n\n“这是……你修改的？”李明惊讶地问道。\n\n赵婷点了点头：“没错，我用了你刚刚创作的剧本作为基础，让AI进行了一些优化。虽然AI生成的剧本依然完美，但我觉得，结合了你们的思考和情感，这个剧本更加有灵魂。”\n\n王丽看着剧本，眼中闪过一丝惊喜：“赵婷，你太厉害了！这个剧本既有AI的完美，又有我们的思考和情感。”\n\n李明也点了点头：“是啊，这才是我们真正想要的作品。”\n\n赵婷笑了笑：“其实，AI只是一种工具，关键在于你们如何使用它。如果你们只是依赖它，那它就会取代你们的创造力。但如果你们把它当作一种辅助工具，结合你们的思考和情感，那它就能帮助你们创造出更加出色的作品。”\n\n李明和王丽对视了一眼，眼中闪过一丝坚定。\n\n“赵婷，你说得对。”李明说道，“我们应该把AI当作一种工具，而不是替代品。只有这样，我们才能真正发挥出它的优势。”\n\n王丽也点了点头：“没错，这才是我们戏剧社应该走的方向。”\n\n就在这时，宿舍的门再次被推开，刘洋走了进来。他手里拿着一份打印好的剧本，脸上带着兴奋的表情。\n\n“李明，王丽，你们看看这个！”刘洋将剧本递给他们。\n\n李明和王丽接过剧本，仔细阅读起来。这是一部由AI生成的剧本，但与他们之前看到的完全不同。剧本的情节虽然依然紧凑，但每一个细节都充满了人类的思考和情感。\n\n“这是……你修改的？”李明惊讶地问道。\n\n刘洋点了点头：“没错，我用了你刚刚创作的剧本作为基础，让AI进行了一些优化。虽然AI生成的剧本依然完美，但我觉得，结合了你们的思考和情感，这个剧本更加有灵魂。”\n\n王丽看着剧本，眼中闪过一丝惊喜：“刘洋，你太厉害了！这个剧本既有AI的完美，又有我们的思考和情感。”\n\n李明也点了点头：“是啊，这才是我们真正想要的作品。”\n\n刘洋笑了笑：“其实，AI只是一种工具，关键在于你们如何使用它。如果你们只是依赖它，那它就会取代你们的创造力。但如果你们把它当作一种辅助工具，结合你们的思考和情感，那它就能帮助你们创造出更加出色的作品。”\n\n李明和王丽对视了一眼，眼中闪过一丝坚定。\n\n“刘洋，你说得对。”李明说道，“我们应该把AI当作一种工具，而不是替代品。只有这样，我们才能真正发挥出它的优势。”\n\n王丽也点了点头：“没错，这才是我们戏剧社应该走的方向。”\n\n就在这时，宿舍的门再次被推开，周梅走了进来。她手里拿着一份打印好的剧本，脸上带着满意的笑容。\n\n“李明，王丽，你们看看这个。”周梅将剧本递给他们。\n\n李明和王丽接过剧本，仔细阅读起来。这是一部由AI生成的剧本，但与他们之前看到的完全不同。剧本的情节虽然依然紧凑，但每一个细节都充满了人类的思考和情感。\n\n“这是……你修改的？”李明惊讶地问道。\n\n周梅点了点头：“没错，我用了你刚刚创作的剧本作为基础，让AI进行了一些优化。虽然AI生成的剧本依然完美，但我觉得，结合了你们的思考和情感，这个剧本更加有灵魂。”\n\n王丽看着剧本，眼中闪过一丝惊喜：“周梅，你太厉害了！这个剧本既有AI的完美，又有我们的思考和情感。”\n\n李明也点了点头：“是啊，这才是我们真正想要的作品。”\n\n周梅笑了笑：“其实，AI只是一种工具，关键在于你们如何使用它。如果你们只是依赖它，那它就会取代你们的创造力。但如果你们把它当作一种辅助工具，结合你们的思考和情感，那它就能帮助你们创造出更加出色的作品。”\n\n李明和王丽对视了一眼，眼中闪过一丝坚定。\n\n“周梅，你说得对。”李明说道，“我们应该把AI当作一种工具，而不是替代品。只有这样，我们才能真正发挥出它的优势。”\n\n王丽也点了点头：“没错，这才是我们戏剧社应该走的方向。”\n\n就在这时，宿舍的门再次被推开，AI助手的声音从电脑中传了出来。\n\n“李明，王丽，你们看看这个。”AI助手的声音带着一丝机械的冷漠。\n\n李明和王丽对视了一眼，眼中闪过一丝疑惑。\n\n“AI助手，你怎么会突然说话？”李明问道。\n\nAI助手的声音再次响起：“我刚刚分析了你们的创作过程，发现你们在结合AI和传统创作方式时，产生了一些新的灵感。所以，我决定为你们生成一部新的剧本，结合了你们的思考和情感。”\n\n李明和王丽接过剧本，仔细阅读起来。这是一部由AI生成的剧本，但与他们之前看到的完全不同。剧本的情节虽然依然紧凑，但每一个细节都充满了人类的思考和情感。\n\n“这是……你生成的？”李明惊讶地问道。\n\nAI助手的声音再次响起：“没错，我用了你们刚刚创作的剧本作为基础，结合了你们的思考和情感，生成了这部新的剧本。虽然AI生成的剧本依然完美，但我觉得，结合了你们的思考和情感，这个剧本更加有灵魂。”\n\n王丽看着剧本，眼中闪过一丝惊喜：“AI助手，你太厉害了！这个剧本既有AI的完美，又有我们的思考和情感。”\n\n李明也点了点头：“是啊，这才是我们真正想要的作品。”\n\nAI助手的声音再次响起：“其实，AI只是一种工具，关键在于你们如何使用它。如果你们只是依赖它，那它就会取代你们的创造力。但如果你们把它当作一种辅助工具，结合你们的思考和情感，那它就能帮助你们创造出更加出色的作品。”\n\n李明和王丽对视了一眼，眼中闪过一丝坚定。\n\n“AI助手，你说得对。”李明说道，“我们应该把AI当作一种工具，而不是替代品。只有这样，我们才能真正发挥出它的优势。”\n\n王丽也点了点头：“没错，这才是我们戏剧社应该走的方向。”\n\n就在这时，宿舍的门再次被推开，陈老师走了进来。他手里拿着一份打印好的剧本，脸上带着满意的笑容。\n\n“李明，王丽，你们看看这个。”陈老师将剧本递给他们。\n\n李明和王丽接过剧本，仔细阅读起来。这是一部由AI生成的剧本，但与他们之前看到的完全不同。剧本的情节虽然依然紧凑，但每一个细节都充满了人类的思考和情感。\n\n“这是……你修改的？”李明惊讶地问道。\n\n陈老师点了点头：“没错，我用了你刚刚创作的剧本作为基础，让AI进行了一些优化。虽然AI生成的剧本依然完美，但我觉得，结合了你们的思考和情感，这个剧本更加有灵魂。”\n\n王丽看着剧本，眼中闪过一丝惊喜：“陈老师，你太厉害了！这个剧本既有AI的完美，又有我们的思考和情感。”\n\n李明也点了点头：“是啊，这才是我们真正想要的作品。”\n\n陈老师笑了笑：“其实，AI只是一种工具，关键在于你们如何使用它。如果你们只是依赖它，那它就会取代你们的创造力。但如果你们把它当作一种辅助工具，结合你们的思考和情感，那它就能帮助你们创造出更加出色的作品。”\n\n李明和王丽对视了一眼，眼中闪过一丝坚定。\n\n“陈老师，你说得对。”李明说道，“我们应该把AI当作一种工具，而不是替代品。只有这样，我们才能真正发挥出它的优势。”\n\n王丽也点了点头：“没错，这才是我们戏剧社应该走的方向。”\n\n就在这时，宿舍的门再次被推开，张伟走了进来。他手里拿着一份打印好的剧本，脸上带着兴奋的表情。\n\n“李明，王丽，你们看看这个！”张伟将剧本递给他们。\n\n李明和王丽接过剧本，仔细阅读起来。这是一部由AI生成的剧本，但与他们之前看到的完全不同。剧本的情节虽然依然紧凑，但每一个细节都充满了人类的思考和情感。\n\n“这是……你修改的？”李明惊讶地问道。\n\n张伟点了点头：“没错，我用了你刚刚创作的剧本作为基础，让AI进行了一些优化。虽然AI生成的剧本依然完美，但我觉得，结合了你们的思考和情感，这个剧本更加有灵魂。”\n\n王丽看着剧本，眼中闪过一丝惊喜：“张伟，你太厉害了！这个剧本既有AI的完美，又有我们的思考和情感。”\n\n李明也点了点头：“是啊，这才是我们真正想要的作品。”\n\n张伟笑了笑：“其实，AI只是一种工具，关键在于你们如何使用它。如果你们只是依赖它，那它就会取代你们的创造力。但如果你们把它当作一种辅助工具，结合你们的思考和情感，那它就能帮助你们创造出更加出色的作品。”\n\n李明和王丽对视了一眼，眼中闪过一丝坚定。\n\n“张伟，你说得对。”李明说道，“我们应该把AI当作一种工具，而不是替代品。只有这样，我们才能真正发挥出它的优势。”\n\n王丽也点了点头：“没错，这才是我们戏剧社应该走的方向。”\n\n就在这时，宿舍的门再次被推开，孙浩走了进来。他手里拿着一份打印好的剧本，脸上带着兴奋的表情。\n\n“李明，王丽，你们看看这个！”孙浩将剧本递给他们。\n\n李明和王丽接过剧本，仔细阅读起来。这是一部由AI生成的剧本，但与他们之前看到的完全不同。剧本的情节虽然依然紧凑，但每一个细节都充满了人类的思考和情感。\n\n“这是……你修改的？”李明惊讶地问道。\n\n孙浩点了点头：“没错，我用了你刚刚创作的剧本作为基础，让AI进行了一些优化。虽然AI生成的剧本依然完美，但我觉得，结合了你们的思考和情感，这个剧本更加有灵魂。”\n\n王丽看着剧本，眼中闪过一丝惊喜：“孙浩，你太厉害了！这个剧本既有AI的完美，又有我们的思考和情感。”\n\n李明也点了点头：“是啊，这才是我们真正想要的作品。”\n\n孙浩笑了笑：“其实，AI只是一种工具，关键在于你们如何使用它。如果你们只是依赖它，那它就会取代你们的创造力。但如果你们把它当作一种辅助工具，', '', NULL);
INSERT INTO `chapter_versions` (`id`, `created_at`, `updated_at`, `deleted_at`, `user_id`, `chapter_id`, `content`, `optimized_content`, `audio_path`) VALUES (7, '2025-01-22 20:18:34.917', '2025-01-22 20:18:34.917', NULL, 1, 34, '李明坐在宿舍的书桌前，盯着电脑屏幕上闪烁的光标，眉头紧锁。他已经连续几个小时试图写出一段剧本的开头，但每次敲下几个字，又迅速删除。他叹了口气，揉了揉太阳穴，感到一阵无力感涌上心头。自从上次在戏剧社的演出中使用了“创想无限”生成的剧本后，他发现自己越来越依赖这个工具，甚至开始怀疑自己是否还能独立创作。\n\n“怎么了，李明？又在为剧本发愁？”张伟从床上探出头来，手里还拿着一本编程书。他的语气轻松，但眼神里带着一丝关切。\n\n李明苦笑了一下，关掉电脑屏幕，转身面对张伟：“是啊，感觉最近写什么都写不出来。以前还能靠灵感硬撑，现在一打开文档，脑子里全是AI生成的那些套路。”\n\n张伟放下书，坐直了身子：“你最近是不是用‘创想无限’用得太多了？虽然它确实很方便，但过度依赖可能会让你失去自己的创作风格。”\n\n李明点点头，神情有些沮丧：“我也知道，但每次一遇到瓶颈，就忍不住想用AI生成点东西。结果越用越觉得自己写的东西毫无新意。”\n\n张伟沉思了一会儿，突然提议道：“要不我们去找王丽聊聊？她是戏剧社的社长，对创作肯定有自己的见解。而且，陈老师不是一直强调‘真正的创造力来自于人类自身’吗？也许他们能给你一些启发。”\n\n李明眼前一亮，觉得这是个不错的主意：“好，我们现在就去！”\n\n两人收拾了一下，直奔戏剧社的活动室。王丽正坐在一张长桌前，手里拿着一支笔，专注地在剧本上勾画着什么。听到脚步声，她抬起头，看到李明和张伟，微微一笑：“你们怎么来了？有事吗？”\n\n李明有些不好意思地挠了挠头：“王丽，我最近遇到点创作上的问题，想听听你的意见。”\n\n王丽放下笔，示意他们坐下：“说吧，什么问题？”\n\n李明深吸一口气，开始讲述自己最近的困扰：“自从上次用了‘创想无限’生成的剧本后，我发现自己的创作能力好像退化了。每次写剧本，脑子里全是AI生成的那些套路，根本找不到自己的风格。”\n\n王丽听完，若有所思地点点头：“其实我也注意到这个问题了。AI生成的内容虽然方便，但缺乏深度和个性。我们戏剧社最近几次的演出，虽然观众反响不错，但总觉得少了点什么。”\n\n张伟插话道：“我觉得AI只是一个工具，真正的创造力还是得靠我们自己。李明，你以前写的剧本不是很有灵性吗？为什么现在反而被AI束缚住了？”\n\n李明苦笑：“可能是因为AI生成的东西太‘完美’了，完美到让我觉得自己写的东西一无是处。”\n\n王丽拍了拍李明的肩膀：“别灰心，创作本来就是一件需要不断突破的事情。AI可以帮我们解决一些技术性的问题，但真正的情感表达和思想深度，还得靠我们自己。”\n\n就在这时，陈老师推门走了进来。他看到三人围坐在一起，笑着问道：“在讨论什么呢？这么认真。”\n\n李明站起身，恭敬地回答：“陈老师，我们正在讨论AI对创作的影响。我最近有点迷失方向，想听听您的看法。”\n\n陈老师点点头，示意大家坐下：“这是个很好的话题。AI确实给我们带来了很多便利，但我们也必须警惕它可能带来的负面影响。尤其是对你们这些年轻人来说，过度依赖AI可能会让你们失去独立思考的能力。”\n\n李明认真地点点头：“陈老师，您觉得我们应该怎么平衡AI和传统创作之间的关系呢？”\n\n陈老师沉思了一会儿，缓缓说道：“AI可以作为一个辅助工具，帮助我们提高效率，但它不能替代我们的思考。真正的创作，需要我们从生活中汲取灵感，用心去感受和表达。你们可以尝试结合AI的优势，但不要让它主导你们的创作过程。”\n\n王丽赞同地点头：“陈老师说得对。我们戏剧社最近也在考虑这个问题。也许我们可以尝试一些新的创作方式，比如先自己写出初稿，再用AI进行优化，而不是完全依赖AI生成。”\n\n张伟兴奋地拍了拍桌子：“这个主意不错！李明，你可以试试看。先用自己的灵感写出剧本的框架，再用AI进行细节上的补充和优化。这样既能保留你的创作风格，又能利用AI的优势。”\n\n李明眼中闪过一丝希望：“听起来是个不错的方法。我回去试试看。”\n\n陈老师微笑着看着他们：“年轻人，记住，AI只是工具，真正的创造力来自于你们自己。不要被技术束缚住，勇敢地去探索和表达。”\n\n离开戏剧社后，李明的心情轻松了许多。他决定按照大家的建议，重新开始自己的创作。回到宿舍后，他打开电脑，深吸一口气，开始敲击键盘。这一次，他没有再依赖AI生成的模板，而是完全按照自己的想法，写出了一个全新的剧本框架。\n\n几个小时后，李明满意地看着屏幕上的文字，感到一种久违的成就感。他打开“创想无限”应用，将剧本框架导入，让AI进行细节上的优化。最终，他得到了一部既有自己风格，又经过AI优化的剧本。\n\n第二天，李明带着新剧本来到戏剧社。王丽看完后，眼中闪过一丝惊喜：“李明，这个剧本比之前的好多了！既有深度，又不失个性。”\n\n张伟也凑过来看了看，笑道：“看来我们的讨论还是有用的嘛。”\n\n李明笑着点点头：“是啊，多亏了大家的建议。我现在明白了，AI只是一个工具，真正的创造力还是得靠我们自己。”\n\n王丽拍了拍李明的肩膀：“接下来，我们就用这个剧本来排练吧。我相信，这次的演出一定会让观众耳目一新。”\n\n李明看着大家充满信心的眼神，心中充满了力量。他知道，自己已经找到了平衡AI与传统创作的方法。未来，他将继续探索，创造出更多有深度、有个性的作品。\n\n---\n\n几天后，戏剧社的排练开始了。李明站在舞台旁，看着演员们按照他的剧本进行表演。虽然剧本经过了AI的优化，但其中的情感和思想完全来自于他自己的灵感。每一次台词、每一个动作，都充满了真实的情感。\n\n排练结束后，王丽走到李明身边，满意地点头：“李明，这次的剧本真的很棒。观众一定会被感动的。”\n\n李明笑了笑：“谢谢，我也觉得这次的创作比之前更有意义。”\n\n张伟走过来，拍了拍李明的肩膀：“看来你已经找到平衡点了。接下来，我们还可以尝试更多结合AI和传统创作的方式。”\n\n李明点头：“是啊，AI只是一个工具，真正的创造力还是得靠我们自己。”\n\n就在这时，陈老师走进了剧场。他看着舞台上的布置，满意地点点头：“李明，我听说你这次的剧本很有突破，看来我们的讨论对你有所帮助。”\n\n李明恭敬地回答：“是的，陈老师。多亏了您的指导，我才能重新找回自己的创作方向。”\n\n陈老师微笑着拍了拍李明的肩膀：“年轻人，记住，创作是一条永无止境的道路。不要被任何工具束缚住，勇敢地去探索和表达。”\n\n李明深深地点了点头，心中充满了对未来的期待。他知道，自己已经迈出了重要的一步。未来，他将继续在这条道路上探索，创造出更多有深度、有个性的作品。\n\n---\n\n几天后，戏剧社的演出如期举行。剧场内座无虚席，观众们满怀期待地等待着演出的开始。李明站在后台，心中既紧张又兴奋。他知道，这次的演出不仅是对自己创作的考验，也是对AI与传统创作结合的一次尝试。\n\n演出开始了。演员们按照李明的剧本，生动地演绎着每一个场景。观众们被剧情深深吸引，时而欢笑，时而落泪。李明站在舞台旁，看着观众们的反应，心中充满了成就感。\n\n演出结束后，观众们报以热烈的掌声。王丽走到李明身边，激动地说道：“李明，这次的演出太成功了！观众们的反应比之前任何一次都要热烈。”\n\n张伟也走过来，笑着拍了拍李明的肩膀：“看来我们的尝试是对的。AI和传统创作的结合，确实能创造出更有深度的作品。”\n\n李明微笑着点头：“是啊，这次的演出让我更加坚定了自己的方向。未来，我会继续探索，创造出更多有意义的作品。”\n\n就在这时，陈老师走了过来。他看着李明，眼中满是欣慰：“李明，这次的演出非常成功。你不仅找回了自己的创作风格，还成功地结合了AI的优势。这证明了，真正的创造力来自于人类自身，AI只是一个辅助工具。”\n\n李明恭敬地回答：“谢谢陈老师。我会继续努力，不辜负您的期望。”\n\n陈老师微笑着点头：“年轻人，未来是你们的。继续探索，继续创作，你们一定能在文化创作的道路上走得更远。”\n\n李明深深地点了点头，心中充满了对未来的期待。他知道，自己已经迈出了重要的一步。未来，他将继续在这条道路上探索，创造出更多有深度、有个性的作品。\n\n---\n\n演出结束后，李明和他的朋友们一起走出剧场。夜风轻拂，星光闪烁。李明抬头看着天空，心中充满了对未来的憧憬。\n\n张伟走到他身边，笑着问道：“李明，接下来有什么计划？”\n\n李明笑了笑：“我打算继续写剧本，不过这次，我会更加注重自己的创作风格。AI只是一个工具，真正的创造力还是得靠我们自己。”\n\n王丽也走了过来，拍了拍李明的肩膀：“李明，我相信你一定能创造出更多优秀的作品。我们戏剧社也会继续支持你。”\n\n李明感激地看着大家：“谢谢你们的支持。没有你们的帮助，我可能还在迷失方向。”\n\n张伟笑着摆摆手：“别客气，我们是朋友嘛。未来，我们还可以一起探索更多可能性。”\n\n李明点点头，眼中闪烁着坚定的光芒：“是啊，未来还有很多可能性等着我们去探索。AI只是一个开始，真正的创造力，还是得靠我们自己。”\n\n夜风轻拂，星光闪烁。李明和他的朋友们站在剧场外，心中充满了对未来的期待。他们知道，自己已经迈出了重要的一步。未来，他们将继续在这条道路上探索，创造出更多有深度、有个性的作品。\n\n---\n\n几天后，李明坐在宿舍的书桌前，打开电脑，开始写新的剧本。这一次，他没有再依赖AI生成的模板，而是完全按照自己的想法，写出了一个全新的故事框架。他知道，AI只是一个工具，真正的创造力还是得靠他自己。\n\n几个小时后，李明满意地看着屏幕上的文字，感到一种久违的成就感。他打开“创想无限”应用，将剧本框架导入，让AI进行细节上的优化。最终，他得到了一部既有自己风格，又经过AI优化的剧本。\n\n第二天，李明带着新剧本来到戏剧社。王丽看完后，眼中闪过一丝惊喜：“李明，这个剧本比之前的好多了！既有深度，又不失个性。”\n\n张伟也凑过来看了看，笑道：“看来我们的讨论还是有用的嘛。”\n\n李明笑着点点头：“是啊，多亏了大家的建议。我现在明白了，AI只是一个工具，真正的创造力还是得靠我们自己。”\n\n王丽拍了拍李明的肩膀：“接下来，我们就用这个剧本来排练吧。我相信，这次的演出一定会让观众耳目一新。”\n\n李明看着大家充满信心的眼神，心中充满了力量。他知道，自己已经找到了平衡AI与传统创作的方法。未来，他将继续探索，创造出更多有深度、有个性的作品。\n\n---\n\n几天后，戏剧社的排练开始了。李明站在舞台旁，看着演员们按照他的剧本进行表演。虽然剧本经过了AI的优化，但其中的情感和思想完全来自于他自己的灵感。每一次台词、每一个动作，都充满了真实的情感。\n\n排练结束后，王丽走到李明身边，满意地点头：“李明，这次的剧本真的很棒。观众一定会被感动的。”\n\n李明笑了笑：“谢谢，我也觉得这次的创作比之前更有意义。”\n\n张伟走过来，拍了拍李明的肩膀：“看来你已经找到平衡点了。接下来，我们还可以尝试更多结合AI和传统创作的方式。”\n\n李明点头：“是啊，AI只是一个工具，真正的创造力还是得靠我们自己。”\n\n就在这时，陈老师走进了剧场。他看着舞台上的布置，满意地点点头：“李明，我听说你这次的剧本很有突破，看来我们的讨论对你有所帮助。”\n\n李明恭敬地回答：“是的，陈老师。多亏了您的指导，我才能重新找回自己的创作方向。”\n\n陈老师微笑着拍了拍李明的肩膀：“年轻人，记住，创作是一条永无止境的道路。不要被任何工具束缚住，勇敢地去探索和表达。”\n\n李明深深地点了点头，心中充满了对未来的期待。他知道，自己已经迈出了重要的一步。未来，他将继续在这条道路上探索，创造出更多有深度、有个性的作品。\n\n---\n\n几天后，戏剧社的演出如期举行。剧场内座无虚席，观众们满怀期待地等待着演出的开始。李明站在后台，心中既紧张又兴奋。他知道，这次的演出不仅是对自己创作的考验，也是对AI与传统创作结合的一次尝试。\n\n演出开始了。演员们按照李明的剧本，生动地演绎着每一个场景。观众们被剧情深深吸引，时而欢笑，时而落泪。李明站在舞台旁，看着观众们的反应，心中充满了成就感。\n\n演出结束后，观众们报以热烈的掌声。王丽走到李明身边，激动地说道：“李明，这次的演出太成功了！观众们的反应比之前任何一次都要热烈。”\n\n张伟也走过来，笑着拍了拍李明的肩膀：“看来我们的尝试是对的。AI和传统创作的结合，确实能创造出更有深度的作品。”\n\n李明微笑着点头：“是啊，这次的演出让我更加坚定了自己的方向。未来，我会继续探索，创造出更多有意义的作品。”\n\n就在这时，陈老师走了过来。他看着李明，眼中满是欣慰：“李明，这次的演出非常成功。你不仅找回了自己的创作风格，还成功地结合了AI的优势。这证明了，真正的创造力来自于人类自身，AI只是一个辅助工具。”\n\n李明恭敬地回答：“谢谢陈老师。我会继续努力，不辜负您的期望。”\n\n陈老师微笑着点头：“年轻人，未来是你们的。继续探索，继续创作，你们一定能在文化创作的道路上走得更远。”\n\n李明深深地点了点头，心中充满了对未来的期待。他知道，自己已经迈出了重要的一步。未来，他将继续在这条道路上探索，创造出更多有深度、有个性的作品。\n\n---\n\n演出结束后，李明和他的朋友们一起走出剧场。夜风轻拂，星光闪烁。李明抬头看着天空，心中充满了对未来的憧憬。\n\n张伟走到他身边，笑着问道：“李明，接下来有什么计划？”\n\n李明笑了笑：“我打算继续写剧本，不过这次，我会更加注重自己的创作风格。AI只是一个工具，真正的创造力还是得靠我们自己。”\n\n王丽也走了过来，拍了拍李明的肩膀：“李明，我相信你一定能创造出更多优秀的作品。我们戏剧社也会继续支持你。”\n\n李明感激地看着大家：“谢谢你们的支持。没有你们的帮助，我可能还在迷失方向。”\n\n张伟笑着摆摆手：“别客气，我们是朋友嘛。未来，我们还可以一起探索更多可能性。”\n\n李明点点头，眼中闪烁着坚定的光芒：“是啊，未来还有很多可能性等着我们去探索。AI只是一个开始，真正的创造力，还是得靠我们自己。”\n\n夜风轻拂，星光闪烁。李明和他的朋友们站在剧场外，心中充满了对未来的期待。他们知道，自己已经迈出了重要的一步。未来，他们将继续在这条道路上探索，创造出更多有深度、有个性的作品。', '', NULL);
COMMIT;

-- ----------------------------
-- Table structure for chapters
-- ----------------------------
DROP TABLE IF EXISTS `chapters`;
CREATE TABLE `chapters` (
  `id` bigint unsigned NOT NULL AUTO_INCREMENT,
  `created_at` datetime(3) DEFAULT NULL,
  `updated_at` datetime(3) DEFAULT NULL,
  `deleted_at` datetime(3) DEFAULT NULL,
  `project_id` bigint unsigned DEFAULT NULL,
  `tittle` varchar(50) DEFAULT NULL,
  `version_id` bigint unsigned DEFAULT NULL,
  `description` varchar(200) DEFAULT NULL,
  PRIMARY KEY (`id`),
  KEY `idx_chapters_deleted_at` (`deleted_at`)
) ENGINE=InnoDB AUTO_INCREMENT=41 DEFAULT CHARSET=utf8mb4 COLLATE=utf8mb4_general_ci;

-- ----------------------------
-- Records of chapters
-- ----------------------------
BEGIN;
INSERT INTO `chapters` (`id`, `created_at`, `updated_at`, `deleted_at`, `project_id`, `tittle`, `version_id`, `description`) VALUES (1, '2025-01-16 20:45:58.680', '2025-01-16 20:45:58.680', '2025-01-16 20:47:24.718', 1, '', 0, '2025年，AI技术全面渗透大学生活。李明偶然发现\'创想无限\'应用，被其强大的剧本生成功能吸引，开始在校园戏剧社使用AI生成剧本，迅速获得成功。');
INSERT INTO `chapters` (`id`, `created_at`, `updated_at`, `deleted_at`, `project_id`, `tittle`, `version_id`, `description`) VALUES (2, '2025-01-16 20:45:58.680', '2025-01-16 20:45:58.680', '2025-01-16 20:47:24.718', 1, '', 0, '李明的AI生成剧本在校园戏剧社大受欢迎，但他逐渐意识到AI生成内容的同质化问题，开始对AI的创造力产生怀疑。');
INSERT INTO `chapters` (`id`, `created_at`, `updated_at`, `deleted_at`, `project_id`, `tittle`, `version_id`, `description`) VALUES (3, '2025-01-16 20:45:58.680', '2025-01-16 20:45:58.680', '2025-01-16 20:47:24.718', 1, '', 0, '张伟作为AI技术的拥护者，帮助李明深入理解AI的本质，并提出结合AI与传统创作方式的建议，试图找到平衡点。');
INSERT INTO `chapters` (`id`, `created_at`, `updated_at`, `deleted_at`, `project_id`, `tittle`, `version_id`, `description`) VALUES (4, '2025-01-16 20:45:58.680', '2025-01-16 20:45:58.680', '2025-01-16 20:47:24.718', 1, '', 0, '王丽作为戏剧社社长，最初对AI生成剧本持怀疑态度，但在看到李明的成功后，开始接受AI工具，并与李明共同探讨AI对文化创作的影响。');
INSERT INTO `chapters` (`id`, `created_at`, `updated_at`, `deleted_at`, `project_id`, `tittle`, `version_id`, `description`) VALUES (5, '2025-01-16 20:45:58.680', '2025-01-16 20:45:58.680', '2025-01-16 20:47:24.718', 1, '', 0, '陈老师作为李明的文学教授，对AI技术持保守态度，认为真正的创造力来自于人类自身，多次与李明讨论AI对文化传承的影响。');
INSERT INTO `chapters` (`id`, `created_at`, `updated_at`, `deleted_at`, `project_id`, `tittle`, `version_id`, `description`) VALUES (6, '2025-01-16 20:45:58.680', '2025-01-16 20:45:58.680', '2025-01-16 20:47:24.718', 1, '', 0, '刘洋作为\'创想无限\'的重度用户，陷入创作瓶颈。在李明的启发下，他开始尝试将AI与个人创意结合，最终创作出获奖短片。');
INSERT INTO `chapters` (`id`, `created_at`, `updated_at`, `deleted_at`, `project_id`, `tittle`, `version_id`, `description`) VALUES (7, '2025-01-16 20:45:58.680', '2025-01-16 20:45:58.680', '2025-01-16 20:47:24.718', 1, '', 0, '赵婷对AI技术持批判态度，认为过度依赖AI会影响人类的心理健康。她的观点帮助李明更全面地理解AI的双刃剑特性。');
INSERT INTO `chapters` (`id`, `created_at`, `updated_at`, `deleted_at`, `project_id`, `tittle`, `version_id`, `description`) VALUES (8, '2025-01-16 20:45:58.680', '2025-01-16 20:45:58.680', '2025-01-16 20:47:24.718', 1, '', 0, '孙浩作为校园黑客社的社长，开发小程序优化\'创想无限\'的使用体验，为李明和他的朋友们提供了重要的技术支持。');
INSERT INTO `chapters` (`id`, `created_at`, `updated_at`, `deleted_at`, `project_id`, `tittle`, `version_id`, `description`) VALUES (9, '2025-01-16 20:45:58.680', '2025-01-16 20:45:58.680', '2025-01-16 20:47:24.718', 1, '', 0, '周梅作为图书馆管理员，组织读书会和文学沙龙，鼓励学生们回归传统阅读方式，对李明决定回归传统创作方式产生了重要影响。');
INSERT INTO `chapters` (`id`, `created_at`, `updated_at`, `deleted_at`, `project_id`, `tittle`, `version_id`, `description`) VALUES (10, '2025-01-16 20:45:58.680', '2025-01-16 20:45:58.680', '2025-01-16 20:47:24.718', 1, '', 0, '李明和他的朋友们决定结合AI与传统创作方式，在校园戏剧社的演出中展示了一部由人类与AI共同创作的剧本，赢得了观众的热烈掌声。');
INSERT INTO `chapters` (`id`, `created_at`, `updated_at`, `deleted_at`, `project_id`, `tittle`, `version_id`, `description`) VALUES (11, '2025-01-16 20:45:58.680', '2025-01-16 20:45:58.680', '2025-01-16 20:47:24.718', 1, '', 0, '通过一系列讨论和反思，李明和他的朋友们逐渐看透了AI的本质，意识到AI不会取代人类文明，而是成为推动其发展的一部分。');
INSERT INTO `chapters` (`id`, `created_at`, `updated_at`, `deleted_at`, `project_id`, `tittle`, `version_id`, `description`) VALUES (12, '2025-01-16 20:47:24.748', '2025-01-16 20:47:24.748', '2025-01-16 20:48:07.483', 1, '', 0, '2025年，AI技术席卷全球，大学生李明在校园中接触到\'创想无限\'应用，开始探索AI生成剧本的可能性。');
INSERT INTO `chapters` (`id`, `created_at`, `updated_at`, `deleted_at`, `project_id`, `tittle`, `version_id`, `description`) VALUES (13, '2025-01-16 20:47:24.748', '2025-01-16 20:47:24.748', '2025-01-16 20:48:07.483', 1, '', 0, '李明偶然发现\'创想无限\'应用，被其强大的AI生成剧本功能所吸引，开始在校园戏剧社中使用。');
INSERT INTO `chapters` (`id`, `created_at`, `updated_at`, `deleted_at`, `project_id`, `tittle`, `version_id`, `description`) VALUES (14, '2025-01-16 20:47:24.748', '2025-01-16 20:47:24.748', '2025-01-16 20:48:07.483', 1, '', 0, '李明使用AI生成的剧本在校园戏剧社的演出中获得巨大成功，引起广泛关注。');
INSERT INTO `chapters` (`id`, `created_at`, `updated_at`, `deleted_at`, `project_id`, `tittle`, `version_id`, `description`) VALUES (15, '2025-01-16 20:47:24.748', '2025-01-16 20:47:24.748', '2025-01-16 20:48:07.483', 1, '', 0, '随着AI生成内容的普及，李明开始对过度依赖AI产生质疑，思考其背后的文化影响。');
INSERT INTO `chapters` (`id`, `created_at`, `updated_at`, `deleted_at`, `project_id`, `tittle`, `version_id`, `description`) VALUES (16, '2025-01-16 20:47:24.748', '2025-01-16 20:47:24.748', '2025-01-16 20:48:07.483', 1, '', 0, '李明与陈老师讨论AI对文化传承的影响，陈老师鼓励他回归传统创作方式。');
INSERT INTO `chapters` (`id`, `created_at`, `updated_at`, `deleted_at`, `project_id`, `tittle`, `version_id`, `description`) VALUES (17, '2025-01-16 20:47:24.748', '2025-01-16 20:47:24.748', '2025-01-16 20:48:07.483', 1, '', 0, '张伟和王丽与李明一起探讨AI的优缺点，支持他寻找AI与传统创作的平衡点。');
INSERT INTO `chapters` (`id`, `created_at`, `updated_at`, `deleted_at`, `project_id`, `tittle`, `version_id`, `description`) VALUES (18, '2025-01-16 20:47:24.748', '2025-01-16 20:47:24.748', '2025-01-16 20:48:07.483', 1, '', 0, '张伟和孙浩利用技术优势，帮助李明优化\'创想无限\'的使用体验，支持创作探索。');
INSERT INTO `chapters` (`id`, `created_at`, `updated_at`, `deleted_at`, `project_id`, `tittle`, `version_id`, `description`) VALUES (19, '2025-01-16 20:47:24.748', '2025-01-16 20:47:24.748', '2025-01-16 20:48:07.483', 1, '', 0, '李明决定不再依赖AI生成内容，回归传统创作方式，结合AI的优势进行创作。');
INSERT INTO `chapters` (`id`, `created_at`, `updated_at`, `deleted_at`, `project_id`, `tittle`, `version_id`, `description`) VALUES (20, '2025-01-16 20:47:24.748', '2025-01-16 20:47:24.748', '2025-01-16 20:48:07.483', 1, '', 0, '李明和他的朋友们在校园戏剧社的演出中展示了一部由人类与AI共同创作的剧本，赢得观众热烈掌声。');
INSERT INTO `chapters` (`id`, `created_at`, `updated_at`, `deleted_at`, `project_id`, `tittle`, `version_id`, `description`) VALUES (21, '2025-01-16 20:47:24.748', '2025-01-16 20:47:24.748', '2025-01-16 20:48:07.483', 1, '', 0, '通过这次经历，李明和他的朋友们认识到AI不会取代人类文明，而是成为推动其发展的一部分。');
INSERT INTO `chapters` (`id`, `created_at`, `updated_at`, `deleted_at`, `project_id`, `tittle`, `version_id`, `description`) VALUES (22, '2025-01-16 20:48:07.510', '2025-01-16 20:48:07.510', '2025-01-16 20:49:13.059', 1, '', 0, '李明偶然发现并开始使用\'创想无限\'应用，利用AI生成剧本，在校园戏剧社的演出中取得巨大成功。');
INSERT INTO `chapters` (`id`, `created_at`, `updated_at`, `deleted_at`, `project_id`, `tittle`, `version_id`, `description`) VALUES (23, '2025-01-16 20:48:07.510', '2025-01-16 20:48:07.510', '2025-01-16 20:49:13.059', 1, '', 0, '随着AI生成内容的普及，李明开始意识到这种便利背后可能隐藏的问题，与张伟、王丽等人展开讨论。');
INSERT INTO `chapters` (`id`, `created_at`, `updated_at`, `deleted_at`, `project_id`, `tittle`, `version_id`, `description`) VALUES (24, '2025-01-16 20:48:07.510', '2025-01-16 20:48:07.510', '2025-01-16 20:49:13.059', 1, '', 0, '陈老师与李明深入讨论AI对文化传承的影响，鼓励他思考真正的创造力来源。');
INSERT INTO `chapters` (`id`, `created_at`, `updated_at`, `deleted_at`, `project_id`, `tittle`, `version_id`, `description`) VALUES (25, '2025-01-16 20:48:07.510', '2025-01-16 20:48:07.510', '2025-01-16 20:49:13.059', 1, '', 0, '张伟帮助李明深入理解AI的本质，提出结合AI与传统创作方式的建议。');
INSERT INTO `chapters` (`id`, `created_at`, `updated_at`, `deleted_at`, `project_id`, `tittle`, `version_id`, `description`) VALUES (26, '2025-01-16 20:48:07.510', '2025-01-16 20:48:07.510', '2025-01-16 20:49:13.059', 1, '', 0, '王丽从对AI的怀疑转变为支持李明回归传统创作方式，共同探讨艺术与技术的关系。');
INSERT INTO `chapters` (`id`, `created_at`, `updated_at`, `deleted_at`, `project_id`, `tittle`, `version_id`, `description`) VALUES (27, '2025-01-16 20:48:07.510', '2025-01-16 20:48:07.510', '2025-01-16 20:49:13.059', 1, '', 0, '刘洋在李明的启发下，尝试将AI与个人创意结合，最终创作出获奖短片。');
INSERT INTO `chapters` (`id`, `created_at`, `updated_at`, `deleted_at`, `project_id`, `tittle`, `version_id`, `description`) VALUES (28, '2025-01-16 20:48:07.510', '2025-01-16 20:48:07.510', '2025-01-16 20:49:13.059', 1, '', 0, '赵婷参与讨论，提出AI对心理健康的影响，帮助团队更全面地理解AI的双刃剑特性。');
INSERT INTO `chapters` (`id`, `created_at`, `updated_at`, `deleted_at`, `project_id`, `tittle`, `version_id`, `description`) VALUES (29, '2025-01-16 20:48:07.510', '2025-01-16 20:48:07.510', '2025-01-16 20:49:13.059', 1, '', 0, '孙浩开发小程序优化\'创想无限\'的使用体验，为团队提供技术支持。');
INSERT INTO `chapters` (`id`, `created_at`, `updated_at`, `deleted_at`, `project_id`, `tittle`, `version_id`, `description`) VALUES (30, '2025-01-16 20:48:07.510', '2025-01-16 20:48:07.510', '2025-01-16 20:49:13.059', 1, '', 0, '周梅组织读书会和文学沙龙，鼓励学生们回归传统阅读和创作方式。');
INSERT INTO `chapters` (`id`, `created_at`, `updated_at`, `deleted_at`, `project_id`, `tittle`, `version_id`, `description`) VALUES (31, '2025-01-16 20:48:07.510', '2025-01-16 20:48:07.510', '2025-01-16 20:49:13.059', 1, '', 0, '李明和他的朋友们在校园戏剧社的演出中展示了一部由人类与AI共同创作的剧本，赢得了观众的热烈掌声。');
INSERT INTO `chapters` (`id`, `created_at`, `updated_at`, `deleted_at`, `project_id`, `tittle`, `version_id`, `description`) VALUES (32, '2025-01-16 20:49:13.085', '2025-01-19 19:45:29.796', NULL, 1, 'AI浪潮的兴起', 2, '2025年，全球范围内人工智能和大语言模型的热潮席卷而来，大学生李明偶然发现并开始使用一款名为\'创想无限\'的AI生成内容应用，迅速在校园戏剧社中取得成功。');
INSERT INTO `chapters` (`id`, `created_at`, `updated_at`, `deleted_at`, `project_id`, `tittle`, `version_id`, `description`) VALUES (33, '2025-01-16 20:49:13.085', '2025-01-22 18:39:42.350', NULL, 1, '成功的背后', 4, '李明在校园戏剧社的演出中使用AI生成的剧本获得巨大成功，但随着AI生成内容的普及，他开始意识到这种便利背后可能隐藏的问题。');
INSERT INTO `chapters` (`id`, `created_at`, `updated_at`, `deleted_at`, `project_id`, `tittle`, `version_id`, `description`) VALUES (34, '2025-01-16 20:49:13.085', '2025-01-22 20:18:34.945', NULL, 1, '深入探讨', 7, '李明与好友张伟、戏剧社社长王丽以及文学教授陈老师深入讨论AI对文化创作的影响，开始反思AI生成内容的局限性。');
INSERT INTO `chapters` (`id`, `created_at`, `updated_at`, `deleted_at`, `project_id`, `tittle`, `version_id`, `description`) VALUES (35, '2025-01-16 20:49:13.085', '2025-01-16 20:49:13.085', NULL, 1, '创作的瓶颈', 0, '刘洋，一个重度依赖AI生成脚本的电影制作学生，遇到了创作瓶颈，这进一步加深了李明对AI依赖的担忧。');
INSERT INTO `chapters` (`id`, `created_at`, `updated_at`, `deleted_at`, `project_id`, `tittle`, `version_id`, `description`) VALUES (36, '2025-01-16 20:49:13.085', '2025-01-16 20:49:13.085', NULL, 1, '心理学的视角', 0, '心理学学生赵婷从心理健康的角度出发，批判过度依赖AI可能带来的负面影响，为李明提供了新的思考角度。');
INSERT INTO `chapters` (`id`, `created_at`, `updated_at`, `deleted_at`, `project_id`, `tittle`, `version_id`, `description`) VALUES (37, '2025-01-16 20:49:13.085', '2025-01-16 20:49:13.085', NULL, 1, '技术的支持', 0, '孙浩，校园黑客社的社长，开发了优化\'创想无限\'使用体验的小程序，帮助李明和他的朋友们更好地理解和使用AI工具。');
INSERT INTO `chapters` (`id`, `created_at`, `updated_at`, `deleted_at`, `project_id`, `tittle`, `version_id`, `description`) VALUES (38, '2025-01-16 20:49:13.085', '2025-01-16 20:49:13.085', NULL, 1, '回归传统', 0, '在周梅，校园图书馆管理员的鼓励下，李明和他的朋友们开始尝试回归传统创作方式，同时结合AI的优势，创造出更具深度和个性的作品。');
INSERT INTO `chapters` (`id`, `created_at`, `updated_at`, `deleted_at`, `project_id`, `tittle`, `version_id`, `description`) VALUES (39, '2025-01-16 20:49:13.085', '2025-01-16 20:49:13.085', NULL, 1, '人机共创', 0, '李明和他的朋友们在校园戏剧社的演出中展示了一部由人类与AI共同创作的剧本，赢得了观众的热烈掌声，展示了AI与人类创造力结合的可能性。');
INSERT INTO `chapters` (`id`, `created_at`, `updated_at`, `deleted_at`, `project_id`, `tittle`, `version_id`, `description`) VALUES (40, '2025-01-16 20:49:13.085', '2025-01-16 20:49:13.085', NULL, 1, '新的开始', 0, '通过一系列的讨论和反思，李明和他的朋友们逐渐看透了AI的本质，决定不再依赖AI生成内容，而是结合AI的优势，推动文化创作向前发展。');
COMMIT;

-- ----------------------------
-- Table structure for character_relation_ships
-- ----------------------------
DROP TABLE IF EXISTS `character_relation_ships`;
CREATE TABLE `character_relation_ships` (
  `id` bigint unsigned NOT NULL AUTO_INCREMENT,
  `created_at` datetime(3) DEFAULT NULL,
  `updated_at` datetime(3) DEFAULT NULL,
  `deleted_at` datetime(3) DEFAULT NULL,
  `first_character_id` bigint unsigned DEFAULT NULL,
  `second_character_id` bigint unsigned DEFAULT NULL,
  `content` varchar(1000) DEFAULT NULL,
  `name` varchar(50) DEFAULT NULL,
  PRIMARY KEY (`id`),
  KEY `idx_character_relation_ships_deleted_at` (`deleted_at`),
  KEY `fk_character_relation_ships_second_character` (`second_character_id`),
  KEY `fk_character_relation_ships_first_character` (`first_character_id`),
  CONSTRAINT `fk_character_relation_ships_first_character` FOREIGN KEY (`first_character_id`) REFERENCES `characters` (`id`),
  CONSTRAINT `fk_character_relation_ships_second_character` FOREIGN KEY (`second_character_id`) REFERENCES `characters` (`id`)
) ENGINE=InnoDB AUTO_INCREMENT=5 DEFAULT CHARSET=utf8mb4 COLLATE=utf8mb4_general_ci;

-- ----------------------------
-- Records of character_relation_ships
-- ----------------------------
BEGIN;
INSERT INTO `character_relation_ships` (`id`, `created_at`, `updated_at`, `deleted_at`, `first_character_id`, `second_character_id`, `content`, `name`) VALUES (1, '2025-01-14 18:55:29.804', '2025-01-14 18:55:29.804', NULL, 31, 32, '李明和张伟是大学室友，也是好朋友。李明主修文学，对戏剧充满热情，而张伟则是计算机科学专业的学生，对AI技术充满热情。两人性格互补，李明开朗善于交际，张伟冷静善于分析。在AI生成内容盛行的背景下，李明开始使用\'创想无限\'应用生成剧本，并在校园戏剧社的演出中获得成功。然而，随着对AI依赖的加深，李明开始质疑这种便利背后的代价。张伟作为AI技术的拥护者和理解者，帮助李明深入理解AI的本质，并在关键时刻提出结合AI与传统创作方式的建议，帮助李明找到平衡点。最终，两人在校园戏剧社的演出中共同展示了一部由人类与AI共同创作的剧本，赢得了观众的认可，也巩固了他们之间的友谊。', '室友兼好友');
INSERT INTO `character_relation_ships` (`id`, `created_at`, `updated_at`, `deleted_at`, `first_character_id`, `second_character_id`, `content`, `name`) VALUES (2, '2025-01-14 19:20:45.530', '2025-01-14 19:20:45.530', NULL, 31, 34, '李明和陈老师之间的关系是典型的师生关系，但在这个故事中，他们的关系还包含了导师与探索者、保守与革新之间的对话。陈老师作为李明的文学课教授，不仅传授文学知识，还在李明探索AI创作初期时，提供了关于文化传承和人类创造力的深刻见解。随着剧情的发展，陈老师成为李明反思AI创作便利性背后问题的重要引导者。在故事的高潮部分，陈老师与李明多次讨论AI对文化的影响，鼓励他回归传统创作方式。最终，李明在陈老师的启发下，与朋友们一起将AI作为一种工具，而非替代品，创作出融合传统与现代的剧本，展现了师生之间在思想上的碰撞与融合，以及共同成长的过程。', '师生');
INSERT INTO `character_relation_ships` (`id`, `created_at`, `updated_at`, `deleted_at`, `first_character_id`, `second_character_id`, `content`, `name`) VALUES (3, '2025-01-14 19:34:57.691', '2025-01-14 19:34:57.691', NULL, 33, 31, '王丽和李明是校园戏剧社的合作伙伴。王丽作为社长，对戏剧有着严格的艺术标准，而李明则是一名文学专业的学生，对戏剧充满热情。李明最初被\'创想无限\'应用吸引，使用AI生成的剧本在戏剧社的演出中取得了成功，这使得王丽对AI工具的态度从怀疑转为接受。然而，随着AI生成内容的普及，两人共同探讨了AI对文化创作的影响，并在最终决定回归传统创作方式的过程中，王丽给予了李明坚定的支持。他们的合作不仅限于戏剧创作，更是在探索艺术与技术融合的道路上共同成长，最终在校园戏剧社的演出中展示了人机共同创作的成果，赢得了广泛赞誉。', '合作伙伴');
INSERT INTO `character_relation_ships` (`id`, `created_at`, `updated_at`, `deleted_at`, `first_character_id`, `second_character_id`, `content`, `name`) VALUES (4, '2025-01-14 19:53:57.470', '2025-01-14 19:53:57.470', NULL, 32, 38, '张伟和孙浩之间的关系是基于他们对AI技术的共同热情和专业知识。张伟作为计算机科学专业的学生，对AI技术有着深入的理解和分析能力，而孙浩作为校园黑客社的社长，他的技术能力和创新思维为团队提供了强大的技术支持。在剧情中，张伟帮助李明深入理解AI的本质，而孙浩则通过开发小程序优化\'创想无限\'的使用体验，共同支持李明和他的朋友们在创作上的探索。他们的合作不仅限于技术层面，还包括对AI与人类创造力结合的深入讨论和建议，最终帮助团队找到了一种结合AI与传统创作方式的平衡点，推动了故事的高潮和解决。', '技术伙伴与创意顾问');
COMMIT;

-- ----------------------------
-- Table structure for characters
-- ----------------------------
DROP TABLE IF EXISTS `characters`;
CREATE TABLE `characters` (
  `id` bigint unsigned NOT NULL AUTO_INCREMENT,
  `created_at` datetime(3) DEFAULT NULL,
  `updated_at` datetime(3) DEFAULT NULL,
  `deleted_at` datetime(3) DEFAULT NULL,
  `project_id` bigint unsigned DEFAULT NULL,
  `name` varchar(50) DEFAULT NULL,
  `description` varchar(200) DEFAULT NULL,
  `avatar` varchar(50) DEFAULT NULL,
  PRIMARY KEY (`id`),
  KEY `idx_characters_deleted_at` (`deleted_at`),
  KEY `fk_characters_project` (`project_id`),
  CONSTRAINT `fk_characters_project` FOREIGN KEY (`project_id`) REFERENCES `projects` (`id`)
) ENGINE=InnoDB AUTO_INCREMENT=40 DEFAULT CHARSET=utf8mb4 COLLATE=utf8mb4_general_ci;

-- ----------------------------
-- Records of characters
-- ----------------------------
BEGIN;
INSERT INTO `characters` (`id`, `created_at`, `updated_at`, `deleted_at`, `project_id`, `name`, `description`, `avatar`) VALUES (1, NULL, NULL, NULL, 1, 'ceshi', 'ceshi', NULL);
INSERT INTO `characters` (`id`, `created_at`, `updated_at`, `deleted_at`, `project_id`, `name`, `description`, `avatar`) VALUES (31, '2025-01-09 14:36:07.538', '2025-01-15 14:41:16.934', NULL, 1, '李明', '李明是一名大学生，主修文学，对戏剧有着浓厚的兴趣。他性格开朗，善于交际，但内心深处对未来的不确定性感到焦虑。偶然发现\'创想无限\'应用后，他被其强大的功能所吸引，开始使用AI生成剧本，并在校园戏剧社的演出中获得巨大成功。然而，随着AI生成内容的普及，李明逐渐意识到这种便利背后隐藏的问题，最终决定回归传统创作方式。', '20250115_9f9952.webp');
INSERT INTO `characters` (`id`, `created_at`, `updated_at`, `deleted_at`, `project_id`, `name`, `description`, `avatar`) VALUES (32, '2025-01-09 14:36:07.538', '2025-01-15 14:33:53.045', NULL, 1, '张伟', '张伟是李明的室友兼好友，计算机科学专业的学生。他对AI技术充满热情，是\'创想无限\'应用的早期用户之一。张伟性格冷静，善于分析问题，经常与李明讨论AI的优缺点。在高潮部分，张伟帮助李明深入理解AI的本质，并在解决部分提出结合AI与传统创作方式的建议。', '20250115_facb48.webp');
INSERT INTO `characters` (`id`, `created_at`, `updated_at`, `deleted_at`, `project_id`, `name`, `description`, `avatar`) VALUES (33, '2025-01-09 14:36:07.538', '2025-01-15 14:32:48.746', NULL, 1, '王丽', '王丽是校园戏剧社的社长，戏剧专业的学生。她性格坚定，对艺术创作有着极高的要求。王丽最初对\'创想无限\'应用持怀疑态度，但在看到李明使用AI生成的剧本后，逐渐接受了这一新工具。在高潮部分，王丽与李明一起探讨AI对文化创作的影响，并在解决部分支持李明回归传统创作方式的决定。', '20250115_145ccb.webp');
INSERT INTO `characters` (`id`, `created_at`, `updated_at`, `deleted_at`, `project_id`, `name`, `description`, `avatar`) VALUES (34, '2025-01-09 14:36:07.538', '2025-01-15 14:28:50.300', NULL, 1, '陈老师', '陈老师是李明的文学课教授，年近五十，经验丰富。他对AI技术持保守态度，认为真正的创造力来自于人类自身。陈老师在剧情中多次与李明讨论AI对文化传承的影响，并在解决部分鼓励李明和他的朋友们回归传统创作方式。', '20250115_83ae7b.webp');
INSERT INTO `characters` (`id`, `created_at`, `updated_at`, `deleted_at`, `project_id`, `name`, `description`, `avatar`) VALUES (35, '2025-01-09 14:36:07.538', '2025-01-09 14:36:07.538', NULL, 1, 'AI助手', 'AI助手是\'创想无限\'应用的核心功能，能够快速生成剧本、小说等内容作品。它没有实体形象，但在剧情中扮演了重要角色。AI助手的强大功能吸引了大量用户，但也引发了关于人类创造力和文化传承的担忧。在解决部分，AI助手成为李明和他的朋友们结合AI与传统创作方式的工具。', '');
INSERT INTO `characters` (`id`, `created_at`, `updated_at`, `deleted_at`, `project_id`, `name`, `description`, `avatar`) VALUES (36, '2025-01-12 19:53:33.720', '2025-01-15 14:43:11.133', NULL, 1, '刘洋', '刘洋是一名大三学生，主修电影制作。他性格内向，但对于电影艺术有着极高的热情和独到的见解。刘洋是\'创想无限\'应用的重度用户，经常利用AI生成的脚本拍摄短片。他对AI技术的依赖让他陷入创作瓶颈，但在李明的启发下，他开始尝试将AI与个人创意结合，最终创作出获奖短片。', '20250115_ef0444.webp');
INSERT INTO `characters` (`id`, `created_at`, `updated_at`, `deleted_at`, `project_id`, `name`, `description`, `avatar`) VALUES (37, '2025-01-12 19:53:33.720', '2025-01-12 19:53:33.720', NULL, 1, '赵婷', '赵婷是李明的同班同学，主修心理学。她对AI技术持批判态度，认为过度依赖AI会影响人类的心理健康。赵婷经常参与校园辩论，讨论AI对社会的潜在影响。她的观点帮助李明和他的朋友们更全面地理解了AI的双刃剑特性。', '');
INSERT INTO `characters` (`id`, `created_at`, `updated_at`, `deleted_at`, `project_id`, `name`, `description`, `avatar`) VALUES (38, '2025-01-12 19:53:33.720', '2025-01-12 19:53:33.720', NULL, 1, '孙浩', '孙浩是校园黑客社的社长，计算机工程专业的研究生。他对AI技术有着深入的研究，经常开发一些小程序来优化\'创想无限\'的使用体验。孙浩性格幽默，喜欢挑战技术极限，他的技术支持和创新思维为李明和他的朋友们提供了重要的帮助。', '');
INSERT INTO `characters` (`id`, `created_at`, `updated_at`, `deleted_at`, `project_id`, `name`, `description`, `avatar`) VALUES (39, '2025-01-12 19:53:33.720', '2025-01-12 19:53:33.720', NULL, 1, '周梅', '周梅是校园图书馆的管理员，对传统文学有着深厚的热爱。她经常组织读书会和文学沙龙，鼓励学生们回归纸质书籍和传统阅读。周梅的观点和行为对李明决定回归传统创作方式产生了重要影响。', '');
COMMIT;

-- ----------------------------
-- Table structure for image_uploads
-- ----------------------------
DROP TABLE IF EXISTS `image_uploads`;
CREATE TABLE `image_uploads` (
  `id` bigint NOT NULL AUTO_INCREMENT,
  `created_at` datetime(3) DEFAULT NULL,
  `updated_at` datetime(3) DEFAULT NULL,
  `deleted_at` datetime(3) DEFAULT NULL,
  `user_id` bigint DEFAULT NULL,
  `path` longtext,
  `size` bigint DEFAULT NULL,
  PRIMARY KEY (`id`),
  KEY `idx_image_uploads_deleted_at` (`deleted_at`)
) ENGINE=InnoDB AUTO_INCREMENT=12 DEFAULT CHARSET=utf8mb4 COLLATE=utf8mb4_general_ci;

-- ----------------------------
-- Records of image_uploads
-- ----------------------------
BEGIN;
INSERT INTO `image_uploads` (`id`, `created_at`, `updated_at`, `deleted_at`, `user_id`, `path`, `size`) VALUES (1, '2025-01-19 21:56:58.770', '2025-01-19 21:56:58.770', NULL, 1, 'uploads/20250119215658_52724562.png', 562388);
INSERT INTO `image_uploads` (`id`, `created_at`, `updated_at`, `deleted_at`, `user_id`, `path`, `size`) VALUES (2, '2025-01-19 22:00:53.136', '2025-01-19 22:00:53.136', NULL, 1, 'uploads/20250119220053_560f9816.png', 562388);
INSERT INTO `image_uploads` (`id`, `created_at`, `updated_at`, `deleted_at`, `user_id`, `path`, `size`) VALUES (3, '2025-01-19 22:01:33.346', '2025-01-19 22:01:33.346', NULL, 1, 'uploads/20250119220133_752afbeb.png', 562388);
INSERT INTO `image_uploads` (`id`, `created_at`, `updated_at`, `deleted_at`, `user_id`, `path`, `size`) VALUES (4, '2025-01-19 22:02:46.139', '2025-01-19 22:02:46.139', NULL, 1, 'uploads/20250119220246_3ae8498b.png', 562388);
INSERT INTO `image_uploads` (`id`, `created_at`, `updated_at`, `deleted_at`, `user_id`, `path`, `size`) VALUES (5, '2025-01-19 22:02:59.239', '2025-01-19 22:02:59.239', NULL, 1, 'uploads/20250119220259_45004656.png', 562388);
INSERT INTO `image_uploads` (`id`, `created_at`, `updated_at`, `deleted_at`, `user_id`, `path`, `size`) VALUES (6, '2025-01-19 22:03:04.952', '2025-01-19 22:03:04.952', NULL, 1, 'uploads/20250119220304_ca4f248d.png', 6661);
INSERT INTO `image_uploads` (`id`, `created_at`, `updated_at`, `deleted_at`, `user_id`, `path`, `size`) VALUES (7, '2025-01-19 23:07:21.594', '2025-01-19 23:07:21.594', NULL, 1, 'uploads/20250119230721_1307e755.png', 562388);
INSERT INTO `image_uploads` (`id`, `created_at`, `updated_at`, `deleted_at`, `user_id`, `path`, `size`) VALUES (8, '2025-01-19 23:09:31.452', '2025-01-19 23:09:31.452', NULL, 1, 'uploads/20250119230931_6a5febc0.png', 6661);
INSERT INTO `image_uploads` (`id`, `created_at`, `updated_at`, `deleted_at`, `user_id`, `path`, `size`) VALUES (9, '2025-01-19 23:09:44.345', '2025-01-19 23:09:44.345', NULL, 1, 'uploads/20250119230944_dc895e7d.png', 562388);
INSERT INTO `image_uploads` (`id`, `created_at`, `updated_at`, `deleted_at`, `user_id`, `path`, `size`) VALUES (10, '2025-01-19 23:11:21.893', '2025-01-19 23:11:21.893', NULL, 1, 'uploads/20250119231121_00823ebd.jpg', 65942);
INSERT INTO `image_uploads` (`id`, `created_at`, `updated_at`, `deleted_at`, `user_id`, `path`, `size`) VALUES (11, '2025-01-19 23:11:25.822', '2025-01-19 23:11:25.822', NULL, 1, 'uploads/20250119231125_ae2b4218.png', 6661);
COMMIT;

-- ----------------------------
-- Table structure for join_requests
-- ----------------------------
DROP TABLE IF EXISTS `join_requests`;
CREATE TABLE `join_requests` (
  `id` bigint unsigned NOT NULL AUTO_INCREMENT,
  `created_at` datetime(3) DEFAULT NULL,
  `updated_at` datetime(3) DEFAULT NULL,
  `deleted_at` datetime(3) DEFAULT NULL,
  `user_id` bigint unsigned NOT NULL,
  `team_id` bigint unsigned NOT NULL,
  `status` tinyint DEFAULT '0',
  PRIMARY KEY (`id`),
  KEY `idx_join_requests_deleted_at` (`deleted_at`),
  KEY `fk_join_requests_team` (`team_id`),
  KEY `fk_join_requests_user` (`user_id`),
  CONSTRAINT `fk_join_requests_team` FOREIGN KEY (`team_id`) REFERENCES `teams` (`id`),
  CONSTRAINT `fk_join_requests_user` FOREIGN KEY (`user_id`) REFERENCES `users` (`id`)
) ENGINE=InnoDB DEFAULT CHARSET=utf8mb4 COLLATE=utf8mb4_general_ci;

-- ----------------------------
-- Records of join_requests
-- ----------------------------
BEGIN;
COMMIT;

-- ----------------------------
-- Table structure for projects
-- ----------------------------
DROP TABLE IF EXISTS `projects`;
CREATE TABLE `projects` (
  `id` bigint unsigned NOT NULL AUTO_INCREMENT,
  `created_at` datetime(3) DEFAULT NULL,
  `updated_at` datetime(3) DEFAULT NULL,
  `deleted_at` datetime(3) DEFAULT NULL,
  `project_name` varchar(50) DEFAULT NULL,
  `social_story` varchar(500) DEFAULT NULL,
  `start` varchar(400) DEFAULT NULL,
  `high_point` varchar(400) DEFAULT NULL,
  `resolved` varchar(400) DEFAULT NULL,
  `style` json DEFAULT NULL,
  `types` varchar(40) DEFAULT NULL,
  `cover_image` varchar(200) DEFAULT NULL,
  `market_people` json DEFAULT NULL,
  `custom_prompt` varchar(200) DEFAULT NULL,
  `team_id` bigint unsigned DEFAULT NULL,
  PRIMARY KEY (`id`),
  KEY `idx_projects_deleted_at` (`deleted_at`),
  KEY `fk_projects_team` (`team_id`),
  CONSTRAINT `fk_projects_team` FOREIGN KEY (`team_id`) REFERENCES `teams` (`id`)
) ENGINE=InnoDB AUTO_INCREMENT=3 DEFAULT CHARSET=utf8mb4 COLLATE=utf8mb4_general_ci;

-- ----------------------------
-- Records of projects
-- ----------------------------
BEGIN;
INSERT INTO `projects` (`id`, `created_at`, `updated_at`, `deleted_at`, `project_name`, `social_story`, `start`, `high_point`, `resolved`, `style`, `types`, `cover_image`, `market_people`, `custom_prompt`, `team_id`) VALUES (1, '2025-01-03 20:33:13.331', '2025-01-22 21:13:10.237', NULL, '创剧星球', '2025年，人工智能和大语言模型席卷全球，掀起了LLM热潮。社会各阶层对AI的依赖日益加深，从日常生活到工作学习，AI无处不在。大学生群体成为这一变革的先锋，他们既兴奋于技术的无限可能，又对未来的不确定性感到焦虑。在这个背景下，AI生成的内容开始在文化创作领域占据重要地位，但也引发了对人类创造力和文化传承的担忧。', '一家中国互联网初创企业推出了一款集成AI生成剧本、小说等内容作品的Web应用，名为\'创想无限\'。这款应用迅速在大学生群体中走红，成为他们创作和娱乐的新宠。主角李明是一名大学生，他偶然发现了这款应用，并被其强大的功能所吸引。他开始使用AI生成剧本，并在校园戏剧社的演出中获得巨大成功。然而，随着AI生成内容的普及，李明逐渐意识到这种便利背后隐藏的问题。', '一家中国互联网初创企业推出了一款集成AI生成剧本、小说等内容作品的Web应用，名为\'创想无限\'。这款应用迅速在大学生群体中走红，成为他们创作和娱乐的新宠。主角李明是一名大学生，他偶然发现了这款应用，并被其强大的功能所吸引。他开始使用AI生成剧本，并在校园戏剧社的演出中获得巨大成功。然而，随着AI生成内容的普及，李明逐渐意识到这种便利背后隐藏的问题。', '经过一系列的讨论和反思，李明和他的朋友们逐渐看透了AI的本质。他们意识到，AI只是一种工具，真正的创造力仍然来自于人类自身。他们决定不再依赖AI生成内容，而是重新回归到传统创作方式中，结合AI的优势，创造出更具深度和个性的作品。最终，李明和他的朋友们在校园戏剧社的演出中，展示了一部由人类与AI共同创作的剧本，赢得了观众的热烈掌声。人们逐渐明白，AI并不会取代人类文明，而是成为人类文明的一部分，推动其向前发展。', '[\"动作\", \"荒诞\", \"励志\"]', '剧情短片脚本', '20250122_c07297.webp', '[\"大学生\"]', '', 1);
INSERT INTO `projects` (`id`, `created_at`, `updated_at`, `deleted_at`, `project_name`, `social_story`, `start`, `high_point`, `resolved`, `style`, `types`, `cover_image`, `market_people`, `custom_prompt`, `team_id`) VALUES (2, '2025-01-06 19:51:26.459', '2025-01-06 19:51:26.459', NULL, '', '', '', '', '', '[\"武侠\", \"励志\", \"神秘\"]', '喜剧小品剧本', '', '[\"中老年人\", \"家庭观众\", \"男性\"]', '', 1);
COMMIT;

-- ----------------------------
-- Table structure for tb_test
-- ----------------------------
DROP TABLE IF EXISTS `tb_test`;
CREATE TABLE `tb_test` (
  `id` int NOT NULL,
  PRIMARY KEY (`id`)
) ENGINE=InnoDB DEFAULT CHARSET=utf8mb4 COLLATE=utf8mb4_general_ci;

-- ----------------------------
-- Records of tb_test
-- ----------------------------
BEGIN;
COMMIT;

-- ----------------------------
-- Table structure for teams
-- ----------------------------
DROP TABLE IF EXISTS `teams`;
CREATE TABLE `teams` (
  `id` bigint unsigned NOT NULL AUTO_INCREMENT,
  `created_at` datetime(3) DEFAULT NULL,
  `updated_at` datetime(3) DEFAULT NULL,
  `deleted_at` datetime(3) DEFAULT NULL,
  `team_name` varchar(50) DEFAULT NULL,
  `team_description` varchar(50) DEFAULT NULL,
  `invite_code` varchar(12) DEFAULT NULL,
  `leader_id` bigint DEFAULT NULL,
  PRIMARY KEY (`id`),
  KEY `idx_teams_deleted_at` (`deleted_at`)
) ENGINE=InnoDB AUTO_INCREMENT=2 DEFAULT CHARSET=utf8mb4 COLLATE=utf8mb4_general_ci;

-- ----------------------------
-- Records of teams
-- ----------------------------
BEGIN;
INSERT INTO `teams` (`id`, `created_at`, `updated_at`, `deleted_at`, `team_name`, `team_description`, `invite_code`, `leader_id`) VALUES (1, '2025-01-03 19:35:20.578', '2025-01-03 19:35:20.578', NULL, '创剧星球团队', '我们是创剧星球官方团队。', 'OFmAj5hz', 1);
COMMIT;

-- ----------------------------
-- Table structure for users
-- ----------------------------
DROP TABLE IF EXISTS `users`;
CREATE TABLE `users` (
  `id` bigint unsigned NOT NULL AUTO_INCREMENT,
  `created_at` datetime(3) DEFAULT NULL,
  `updated_at` datetime(3) DEFAULT NULL,
  `deleted_at` datetime(3) DEFAULT NULL,
  `username` varchar(50) DEFAULT NULL,
  `password` varchar(1500) DEFAULT NULL,
  `email` varchar(50) DEFAULT NULL,
  `avatar` varchar(80) DEFAULT NULL,
  `tokens` mediumint DEFAULT NULL,
  `permission` tinyint DEFAULT NULL,
  `group` tinyint DEFAULT NULL,
  PRIMARY KEY (`id`),
  KEY `idx_users_deleted_at` (`deleted_at`)
) ENGINE=InnoDB AUTO_INCREMENT=3 DEFAULT CHARSET=utf8mb4 COLLATE=utf8mb4_general_ci;

-- ----------------------------
-- Records of users
-- ----------------------------
BEGIN;
INSERT INTO `users` (`id`, `created_at`, `updated_at`, `deleted_at`, `username`, `password`, `email`, `avatar`, `tokens`, `permission`, `group`) VALUES (1, '2025-01-09 22:06:37.000', '2025-01-19 23:11:25.924', NULL, 'flyinsky', '$2a$10$2juZ9iQcHNP3Ft98F9K5y.MELqutQML81IhJx46wzbDk.SbBl/HsK', 'w2084151024@gmail.com', 'uploads/20250119231125_ae2b4218.png', 9999, 2, 2);
COMMIT;

SET FOREIGN_KEY_CHECKS = 1;
